label,method,position,layer,C,qm9s_val_auroc,rung,centred,auroc,ci_lo,ci_hi,n,n_pos
fg_primary_amine,baseline_lr,-,-1,0.001,0.7136,R0,0,0.6591,0.5878,0.7257,2774,67
fg_primary_amine,baseline_lr,-,-1,0.001,0.7136,R2,0,0.6316,0.3889,0.8421,20,19
fg_primary_amine,baseline_lr,-,-1,0.001,0.7136,R3,0,0.2632,0.0586,0.4737,20,19
fg_primary_amine,baseline_lr,-,-1,0.001,0.7136,R4,0,0.8947,0.7368,1.0,20,19
fg_primary_amine,baseline_lr,-,-1,0.001,0.7136,R5,0,0.8947,0.7059,1.0,20,19
fg_primary_amine,baseline_lr,-,-1,0.001,0.7136,R6,0,0.8947,0.7368,1.0,20,19
fg_primary_amine,baseline_lr,-,-1,0.001,0.7136,R8,0,0.3158,0.1053,0.5556,20,19
fg_primary_amine,baseline_lr,-,-1,0.001,0.7136,R9,0,0.7368,0.5,0.9375,20,19
fg_primary_amine,baseline_lr,-,-1,0.001,0.7136,R2,1,0.6316,0.3889,0.8421,20,19
fg_primary_amine,baseline_lr,-,-1,0.001,0.7136,R3,1,0.2632,0.0586,0.4737,20,19
fg_primary_amine,baseline_lr,-,-1,0.001,0.7136,R4,1,0.8947,0.7368,1.0,20,19
fg_primary_amine,baseline_lr,-,-1,0.001,0.7136,R5,1,0.8947,0.7059,1.0,20,19
fg_primary_amine,baseline_lr,-,-1,0.001,0.7136,R6,1,0.8947,0.7368,1.0,20,19
fg_primary_amine,baseline_lr,-,-1,0.001,0.7136,R8,1,0.3158,0.1053,0.5556,20,19
fg_primary_amine,baseline_lr,-,-1,0.001,0.7136,R9,1,0.7368,0.5,0.9375,20,19
fg_secondary_amine,baseline_lr,-,-1,0.001,0.7058,R0,0,0.7138,0.6817,0.7465,2774,263
fg_secondary_amine,baseline_lr,-,-1,0.001,0.7058,R2,0,0.5263,0.3158,0.7368,20,1
fg_secondary_amine,baseline_lr,-,-1,0.001,0.7058,R3,0,0.8421,0.6667,1.0,20,1
fg_secondary_amine,baseline_lr,-,-1,0.001,0.7058,R4,0,1.0,1.0,1.0,20,1
fg_secondary_amine,baseline_lr,-,-1,0.001,0.7058,R5,0,0.8947,0.7368,1.0,20,1
fg_secondary_amine,baseline_lr,-,-1,0.001,0.7058,R6,0,0.6842,0.4737,0.8947,20,1
fg_secondary_amine,baseline_lr,-,-1,0.001,0.7058,R8,0,0.8947,0.7636,1.0,20,1
fg_secondary_amine,baseline_lr,-,-1,0.001,0.7058,R9,0,0.6316,0.4211,0.8421,20,1
fg_secondary_amine,baseline_lr,-,-1,0.001,0.7058,R2,1,0.5263,0.3158,0.7368,20,1
fg_secondary_amine,baseline_lr,-,-1,0.001,0.7058,R3,1,0.8421,0.6667,1.0,20,1
fg_secondary_amine,baseline_lr,-,-1,0.001,0.7058,R4,1,1.0,1.0,1.0,20,1
fg_secondary_amine,baseline_lr,-,-1,0.001,0.7058,R5,1,0.8947,0.7368,1.0,20,1
fg_secondary_amine,baseline_lr,-,-1,0.001,0.7058,R6,1,0.6842,0.4737,0.8947,20,1
fg_secondary_amine,baseline_lr,-,-1,0.001,0.7058,R8,1,0.8947,0.7636,1.0,20,1
fg_secondary_amine,baseline_lr,-,-1,0.001,0.7058,R9,1,0.6316,0.4211,0.8421,20,1
fg_amide,baseline_lr,-,-1,0.001,0.731,R0,0,0.754,0.7212,0.7873,2774,193
fg_amide,baseline_lr,-,-1,0.001,0.731,R2,0,0.9722,0.8824,1.0,20,2
fg_amide,baseline_lr,-,-1,0.001,0.731,R3,0,0.5556,0.1765,0.8947,20,2
fg_amide,baseline_lr,-,-1,0.001,0.731,R4,0,0.6667,0.1864,1.0,20,2
fg_amide,baseline_lr,-,-1,0.001,0.731,R5,0,0.8056,0.5263,1.0,20,2
fg_amide,baseline_lr,-,-1,0.001,0.731,R6,0,0.8333,0.5789,1.0,20,2
fg_amide,baseline_lr,-,-1,0.001,0.731,R8,0,0.75,0.5263,0.9412,20,2
fg_amide,baseline_lr,-,-1,0.001,0.731,R9,0,0.5278,0.2941,0.766,20,2
fg_amide,baseline_lr,-,-1,0.001,0.731,R2,1,0.9722,0.8824,1.0,20,2
fg_amide,baseline_lr,-,-1,0.001,0.731,R3,1,0.5556,0.1765,0.8947,20,2
fg_amide,baseline_lr,-,-1,0.001,0.731,R4,1,0.6667,0.1864,1.0,20,2
fg_amide,baseline_lr,-,-1,0.001,0.731,R5,1,0.8056,0.5263,1.0,20,2
fg_amide,baseline_lr,-,-1,0.001,0.731,R6,1,0.8333,0.5789,1.0,20,2
fg_amide,baseline_lr,-,-1,0.001,0.731,R8,1,0.75,0.5263,0.9412,20,2
fg_amide,baseline_lr,-,-1,0.001,0.731,R9,1,0.5,0.2667,0.7368,20,2
fg_guanidine,baseline_lr,-,-1,0.001,0.9386,R0,0,0.9567,0.9416,0.9697,2774,44
fg_guanidine,baseline_lr,-,-1,0.001,0.9386,R2,0,0.9474,0.8333,1.0,20,1
fg_guanidine,baseline_lr,-,-1,0.001,0.9386,R3,0,0.4211,0.2105,0.6316,20,1
fg_guanidine,baseline_lr,-,-1,0.001,0.9386,R4,0,0.1053,0.0,0.2712,20,1
fg_guanidine,baseline_lr,-,-1,0.001,0.9386,R5,0,0.1579,0.0,0.3333,20,1
fg_guanidine,baseline_lr,-,-1,0.001,0.9386,R6,0,0.4211,0.2105,0.6667,20,1
fg_guanidine,baseline_lr,-,-1,0.001,0.9386,R8,0,0.7368,0.5263,0.943,20,1
fg_guanidine,baseline_lr,-,-1,0.001,0.9386,R9,0,0.6316,0.4211,0.8421,20,1
fg_guanidine,baseline_lr,-,-1,0.001,0.9386,R2,1,0.9474,0.8333,1.0,20,1
fg_guanidine,baseline_lr,-,-1,0.001,0.9386,R3,1,0.4211,0.2105,0.6316,20,1
fg_guanidine,baseline_lr,-,-1,0.001,0.9386,R4,1,0.1053,0.0,0.2712,20,1
fg_guanidine,baseline_lr,-,-1,0.001,0.9386,R5,1,0.1579,0.0,0.3333,20,1
fg_guanidine,baseline_lr,-,-1,0.001,0.9386,R6,1,0.4211,0.2105,0.6667,20,1
fg_guanidine,baseline_lr,-,-1,0.001,0.9386,R8,1,0.7368,0.5263,0.943,20,1
fg_guanidine,baseline_lr,-,-1,0.001,0.9386,R9,1,0.6316,0.4211,0.8421,20,1
fg_hydroxyl_aliphatic,baseline_lr,-,-1,0.001,0.6822,R0,0,0.6868,0.667,0.7076,2774,772
fg_hydroxyl_aliphatic,baseline_lr,-,-1,0.001,0.6822,R2,0,0.8056,0.5556,0.9722,20,2
fg_hydroxyl_aliphatic,baseline_lr,-,-1,0.001,0.6822,R3,0,0.6389,0.4167,0.8627,20,2
fg_hydroxyl_aliphatic,baseline_lr,-,-1,0.001,0.6822,R4,0,0.75,0.5278,0.9412,20,2
fg_hydroxyl_aliphatic,baseline_lr,-,-1,0.001,0.6822,R5,0,0.8056,0.5882,0.9474,20,2
fg_hydroxyl_aliphatic,baseline_lr,-,-1,0.001,0.6822,R6,0,0.75,0.5263,0.9412,20,2
fg_hydroxyl_aliphatic,baseline_lr,-,-1,0.001,0.6822,R8,0,0.3333,0.0,0.7778,20,2
fg_hydroxyl_aliphatic,baseline_lr,-,-1,0.001,0.6822,R9,0,0.6111,0.2632,0.8947,20,2
fg_hydroxyl_aliphatic,baseline_lr,-,-1,0.001,0.6822,R2,1,0.8056,0.5556,0.9722,20,2
fg_hydroxyl_aliphatic,baseline_lr,-,-1,0.001,0.6822,R3,1,0.6389,0.4167,0.8627,20,2
fg_hydroxyl_aliphatic,baseline_lr,-,-1,0.001,0.6822,R4,1,0.75,0.5278,0.9412,20,2
fg_hydroxyl_aliphatic,baseline_lr,-,-1,0.001,0.6822,R5,1,0.8056,0.5882,0.9474,20,2
fg_hydroxyl_aliphatic,baseline_lr,-,-1,0.001,0.6822,R6,1,0.75,0.5263,0.9412,20,2
fg_hydroxyl_aliphatic,baseline_lr,-,-1,0.001,0.6822,R8,1,0.3333,0.0,0.7778,20,2
fg_hydroxyl_aliphatic,baseline_lr,-,-1,0.001,0.6822,R9,1,0.6389,0.3333,0.8947,20,2
fg_phenol,baseline_lr,-,-1,0.001,0.9325,R0,0,0.9063,0.8889,0.9219,2774,101
fg_phenol,baseline_lr,-,-1,0.001,0.9325,R2,0,0.9474,0.8333,1.0,20,1
fg_phenol,baseline_lr,-,-1,0.001,0.9325,R3,0,0.8421,0.6842,1.0,20,1
fg_phenol,baseline_lr,-,-1,0.001,0.9325,R4,0,0.8421,0.6667,1.0,20,1
fg_phenol,baseline_lr,-,-1,0.001,0.9325,R5,0,0.6316,0.4211,0.8421,20,1
fg_phenol,baseline_lr,-,-1,0.001,0.9325,R6,0,0.5263,0.3158,0.7428,20,1
fg_phenol,baseline_lr,-,-1,0.001,0.9325,R8,0,0.1579,0.0,0.3237,20,1
fg_phenol,baseline_lr,-,-1,0.001,0.9325,R9,0,0.8421,0.6667,1.0,20,1
fg_phenol,baseline_lr,-,-1,0.001,0.9325,R2,1,0.9474,0.8333,1.0,20,1
fg_phenol,baseline_lr,-,-1,0.001,0.9325,R3,1,0.8421,0.6842,1.0,20,1
fg_phenol,baseline_lr,-,-1,0.001,0.9325,R4,1,0.8421,0.6667,1.0,20,1
fg_phenol,baseline_lr,-,-1,0.001,0.9325,R5,1,0.6316,0.4211,0.8421,20,1
fg_phenol,baseline_lr,-,-1,0.001,0.9325,R6,1,0.5263,0.3158,0.7428,20,1
fg_phenol,baseline_lr,-,-1,0.001,0.9325,R8,1,0.1579,0.0,0.3237,20,1
fg_phenol,baseline_lr,-,-1,0.001,0.9325,R9,1,0.8421,0.6667,1.0,20,1
fg_aromatic_ring,baseline_lr,-,-1,0.001,0.9638,R0,0,0.9688,0.962,0.9746,2774,576
fg_aromatic_ring,baseline_lr,-,-1,0.001,0.9638,R2,0,1.0,1.0,1.0,20,4
fg_aromatic_ring,baseline_lr,-,-1,0.001,0.9638,R3,0,0.9688,0.8824,1.0,20,4
fg_aromatic_ring,baseline_lr,-,-1,0.001,0.9638,R4,0,0.875,0.6296,1.0,20,4
fg_aromatic_ring,baseline_lr,-,-1,0.001,0.9638,R5,0,0.7969,0.4681,1.0,20,4
fg_aromatic_ring,baseline_lr,-,-1,0.001,0.9638,R6,0,0.8281,0.3889,1.0,20,4
fg_aromatic_ring,baseline_lr,-,-1,0.001,0.9638,R8,0,0.75,0.4261,0.9817,20,4
fg_aromatic_ring,baseline_lr,-,-1,0.001,0.9638,R9,0,0.5625,0.0548,1.0,20,4
fg_aromatic_ring,baseline_lr,-,-1,0.001,0.9638,R2,1,1.0,1.0,1.0,20,4
fg_aromatic_ring,baseline_lr,-,-1,0.001,0.9638,R3,1,0.9688,0.8824,1.0,20,4
fg_aromatic_ring,baseline_lr,-,-1,0.001,0.9638,R4,1,0.875,0.6296,1.0,20,4
fg_aromatic_ring,baseline_lr,-,-1,0.001,0.9638,R5,1,0.7969,0.4681,1.0,20,4
fg_aromatic_ring,baseline_lr,-,-1,0.001,0.9638,R6,1,0.8281,0.3889,1.0,20,4
fg_aromatic_ring,baseline_lr,-,-1,0.001,0.9638,R8,1,0.75,0.4261,0.9817,20,4
fg_aromatic_ring,baseline_lr,-,-1,0.001,0.9638,R9,1,0.5625,0.0548,1.0,20,4
fg_benzene_ring,baseline_lr,-,-1,0.001,0.969,R0,0,0.9827,0.9728,0.9907,2774,56
fg_benzene_ring,baseline_lr,-,-1,0.001,0.969,R2,0,1.0,1.0,1.0,20,3
fg_benzene_ring,baseline_lr,-,-1,0.001,0.969,R3,0,0.9608,0.8421,1.0,20,3
fg_benzene_ring,baseline_lr,-,-1,0.001,0.969,R4,0,0.8824,0.5882,1.0,20,3
fg_benzene_ring,baseline_lr,-,-1,0.001,0.969,R5,0,0.902,0.6316,1.0,20,3
fg_benzene_ring,baseline_lr,-,-1,0.001,0.969,R6,0,0.8824,0.5882,1.0,20,3
fg_benzene_ring,baseline_lr,-,-1,0.001,0.969,R8,0,0.451,0.0,1.0,20,3
fg_benzene_ring,baseline_lr,-,-1,0.001,0.969,R9,0,0.3137,0.0,0.7778,20,3
fg_benzene_ring,baseline_lr,-,-1,0.001,0.969,R2,1,1.0,1.0,1.0,20,3
fg_benzene_ring,baseline_lr,-,-1,0.001,0.969,R3,1,0.9608,0.8421,1.0,20,3
fg_benzene_ring,baseline_lr,-,-1,0.001,0.969,R4,1,0.8824,0.5882,1.0,20,3
fg_benzene_ring,baseline_lr,-,-1,0.001,0.969,R5,1,0.902,0.6316,1.0,20,3
fg_benzene_ring,baseline_lr,-,-1,0.001,0.969,R6,1,0.8824,0.5882,1.0,20,3
fg_benzene_ring,baseline_lr,-,-1,0.001,0.969,R8,1,0.451,0.0,1.0,20,3
fg_benzene_ring,baseline_lr,-,-1,0.001,0.969,R9,1,0.2941,0.0,0.7778,20,3
fg_pyrrole_ring,baseline_lr,-,-1,0.001,0.9534,R0,0,0.9466,0.9285,0.9617,2774,68
fg_pyrrole_ring,baseline_lr,-,-1,0.001,0.9534,R2,0,1.0,1.0,1.0,20,1
fg_pyrrole_ring,baseline_lr,-,-1,0.001,0.9534,R3,0,1.0,1.0,1.0,20,1
fg_pyrrole_ring,baseline_lr,-,-1,0.001,0.9534,R4,0,1.0,1.0,1.0,20,1
fg_pyrrole_ring,baseline_lr,-,-1,0.001,0.9534,R5,0,1.0,1.0,1.0,20,1
fg_pyrrole_ring,baseline_lr,-,-1,0.001,0.9534,R6,0,1.0,1.0,1.0,20,1
fg_pyrrole_ring,baseline_lr,-,-1,0.001,0.9534,R8,0,1.0,1.0,1.0,20,1
fg_pyrrole_ring,baseline_lr,-,-1,0.001,0.9534,R9,0,0.9474,0.8421,1.0,20,1
fg_pyrrole_ring,baseline_lr,-,-1,0.001,0.9534,R2,1,1.0,1.0,1.0,20,1
fg_pyrrole_ring,baseline_lr,-,-1,0.001,0.9534,R3,1,1.0,1.0,1.0,20,1
fg_pyrrole_ring,baseline_lr,-,-1,0.001,0.9534,R4,1,1.0,1.0,1.0,20,1
fg_pyrrole_ring,baseline_lr,-,-1,0.001,0.9534,R5,1,1.0,1.0,1.0,20,1
fg_pyrrole_ring,baseline_lr,-,-1,0.001,0.9534,R6,1,1.0,1.0,1.0,20,1
fg_pyrrole_ring,baseline_lr,-,-1,0.001,0.9534,R8,1,1.0,1.0,1.0,20,1
fg_pyrrole_ring,baseline_lr,-,-1,0.001,0.9534,R9,1,0.9474,0.8421,1.0,20,1
fg_imidazole_ring,baseline_lr,-,-1,0.001,0.9283,R0,0,0.9355,0.9184,0.9523,2774,58
fg_imidazole_ring,baseline_lr,-,-1,0.001,0.9283,R2,0,1.0,1.0,1.0,20,1
fg_imidazole_ring,baseline_lr,-,-1,0.001,0.9283,R3,0,0.9474,0.824,1.0,20,1
fg_imidazole_ring,baseline_lr,-,-1,0.001,0.9283,R4,0,1.0,1.0,1.0,20,1
fg_imidazole_ring,baseline_lr,-,-1,0.001,0.9283,R5,0,1.0,1.0,1.0,20,1
fg_imidazole_ring,baseline_lr,-,-1,0.001,0.9283,R6,0,1.0,1.0,1.0,20,1
fg_imidazole_ring,baseline_lr,-,-1,0.001,0.9283,R8,0,0.5263,0.3158,0.7368,20,1
fg_imidazole_ring,baseline_lr,-,-1,0.001,0.9283,R9,0,0.8947,0.723,1.0,20,1
fg_imidazole_ring,baseline_lr,-,-1,0.001,0.9283,R2,1,1.0,1.0,1.0,20,1
fg_imidazole_ring,baseline_lr,-,-1,0.001,0.9283,R3,1,0.9474,0.824,1.0,20,1
fg_imidazole_ring,baseline_lr,-,-1,0.001,0.9283,R4,1,1.0,1.0,1.0,20,1
fg_imidazole_ring,baseline_lr,-,-1,0.001,0.9283,R5,1,1.0,1.0,1.0,20,1
fg_imidazole_ring,baseline_lr,-,-1,0.001,0.9283,R6,1,1.0,1.0,1.0,20,1
fg_imidazole_ring,baseline_lr,-,-1,0.001,0.9283,R8,1,0.5263,0.3158,0.7368,20,1
fg_imidazole_ring,baseline_lr,-,-1,0.001,0.9283,R9,1,0.8947,0.723,1.0,20,1
MEAN,baseline_lr,,,,,R0,0,0.851,,,2774,
MEAN,baseline_lr,,,,,R2,0,0.883,0.8115,0.9876,20,
MEAN,baseline_lr,,,,,R3,0,0.744,0.6067,0.9014,20,
MEAN,baseline_lr,,,,,R4,0,0.8016,0.6535,0.9362,20,
MEAN,baseline_lr,,,,,R5,0,0.7889,0.6601,0.9262,20,
MEAN,baseline_lr,,,,,R6,0,0.782,0.6589,0.9281,20,
MEAN,baseline_lr,,,,,R8,0,0.5916,0.4714,0.686,20,
MEAN,baseline_lr,,,,,R9,0,0.6699,0.4472,0.7737,20,
MEAN,baseline_lr,,,,,R2,1,0.883,0.8128,0.9938,20,
MEAN,baseline_lr,,,,,R3,1,0.744,0.6286,0.8918,20,
MEAN,baseline_lr,,,,,R4,1,0.8016,0.6268,0.9315,20,
MEAN,baseline_lr,,,,,R5,1,0.7889,0.6663,0.931,20,
MEAN,baseline_lr,,,,,R6,1,0.782,0.668,0.9153,20,
MEAN,baseline_lr,,,,,R8,1,0.5916,0.4605,0.684,20,
MEAN,baseline_lr,,,,,R9,1,0.668,0.4239,0.7654,20,
