freq,S,rho,a2,gamma2,int785,gapiso785
38.93,0.570305,0.706394,0.000431818,0.0786962,2.22505e+15,1.30395e+15
43.95,1.25922,0.748631,2.92101e-05,0.179701,3.89388e+15,2.22682e+15
61.18,0.667604,0.731033,0.00021674,0.0939787,1.10264e+15,6.36983e+14
122.42,0.386698,0.553166,0.00145205,0.045908,1.79407e+14,1.15511e+14
146.93,0.87548,0.551929,0.00331071,0.103785,2.94945e+14,1.90051e+14
191.31,0.060168,0.74712,2.93874e-06,0.00857654,1.29337e+13,7.40286e+12
252.5,0.798786,0.161452,0.0119933,0.0370127,1.09179e+14,9.40024e+13
265.21,0.683731,0.454554,0.0041149,0.0712229,8.64538e+13,5.94367e+13
280.77,0.312502,0.583283,0.00097499,0.0383753,3.61315e+13,2.28206e+13
304.41,0.952513,0.699407,0.000840214,0.130672,9.71664e+13,5.71767e+13
335.65,0.980473,0.748377,2.69678e-05,0.139894,8.61952e+13,4.93001e+13
483.76,1.1589,0.522827,0.00512246,0.132627,5.98313e+13,3.92896e+13
495.9,1.30116,0.14694,0.020271,0.0555658,6.4876e+13,5.65644e+13
595.03,1.94619,0.611092,0.00497186,0.246066,7.54017e+13,4.68016e+13
625.76,5.47749,0.105424,0.0946352,0.174129,1.9812e+14,1.79226e+14
648.79,11.6192,0.205669,0.155432,0.66069,4.00115e+14,3.31862e+14
710.01,10.7332,0.43648,0.0694101,1.08711,3.27125e+14,2.27727e+14
747.78,11.4342,0.018251,0.243467,0.0683151,3.24932e+14,3.19108e+14
781.29,0.32811,0.643604,0.000629323,0.0428272,8.78828e+12,5.34696e+12
837.78,0.326401,0.702111,0.000272098,0.0448795,7.95526e+12,4.67376e+12
876.11,4.31428,0.389563,0.0331578,0.403169,9.89625e+13,7.12185e+13
947.5,3.27142,0.599979,0.00908866,0.408918,6.74407e+13,4.2151e+13
969.21,1.04273,0.716175,0.000608942,0.145047,2.08386e+13,1.21425e+13
976.29,1.76691,0.557128,0.00648465,0.210729,3.49597e+13,2.24514e+13
1032.29,0.777967,0.469332,0.00440312,0.0828324,1.42518e+13,9.69948e+12
1057.61,1.22949,0.415652,0.00860384,0.120331,2.17771e+13,1.53831e+13
1104.7,7.71625,0.44549,0.0481636,0.792698,1.2859e+14,8.89596e+13
1143.28,3.12601,0.530812,0.0132621,0.361317,4.96312e+13,3.24215e+13
1160.63,1.23183,0.573615,0.0040911,0.149676,1.9144e+13,1.21656e+13
1202.44,2.09143,0.749124,3.10352e-05,0.298577,3.09013e+13,1.76668e+13
1279.45,6.68175,0.676116,0.00872695,0.898433,9.02444e+13,5.38414e+13
1297.74,3.96557,0.66703,0.00584803,0.528915,5.2459e+13,3.14685e+13
1323.36,2.19066,0.41729,0.0152373,0.214997,2.81584e+13,1.98678e+13
1359.43,1.17782,0.741047,0.000179457,0.167106,1.45484e+13,8.35615e+12
1366.02,3.01556,0.649146,0.00546422,0.395667,3.69812e+13,2.24245e+13
1401.93,3.67597,0.747227,0.000172862,0.524028,4.33638e+13,2.48187e+13
1409.69,3.04721,0.746476,0.00018218,0.434145,3.56494e+13,2.04122e+13
1466.07,14.9208,0.730861,0.00488851,2.10012,1.64487e+14,9.50318e+13
1471.71,1.52328,0.485109,0.00805036,0.165859,1.66944e+13,1.12412e+13
1481.82,12.4129,0.70603,0.00947915,1.71234,1.34622e+14,7.89093e+13
1486.59,3.00317,0.74118,0.000450745,0.426127,3.24102e+13,1.86139e+13
1657.36,2.95275,0.664435,0.00449762,0.392908,2.6875e+13,1.61466e+13
1797.79,11.2214,0.162949,0.167837,0.524102,8.9458e+13,7.69234e+13
3025.75,60.9366,0.346145,0.541674,5.22304,1.79258e+14,1.33164e+14
3034.61,212.214,0.016394,4.53838,1.14097,6.20181e+14,6.10177e+14
3043.84,143.781,0.055305,2.80442,2.51169,4.17323e+14,3.95452e+14
3071.13,66.072,0.663642,0.101622,8.78558,1.87939e+14,1.12968e+14
3080.76,44.4367,0.240562,0.540681,2.8723,1.25502e+14,1.01165e+14
3095.55,30.5301,0.739519,0.0054504,4.32641,8.52892e+13,4.90303e+13
3110.9,59.2385,0.728092,0.0222519,8.3196,1.63627e+14,9.46864e+13
3126.42,80.6815,0.667283,0.1186,10.7635,2.20323e+14,1.32145e+14
3492.32,116.722,0.084785,2.12079,3.04093,2.44317e+14,2.25222e+14
3577.93,57.1315,0.627945,0.126916,7.34575,1.12461e+14,6.90814e+13
3741.62,151.781,0.265613,1.72122,10.618,2.65824e+14,2.10036e+14
