task,variant,scheme,test_set,label,feature,model,metric,value,ci_lo,ci_hi,chance,p_perm,n_perm,perm_null_mean,n_test,n_test_groups,n_boot_ok,n_train,hp_source,hp,seconds,note
T1,native,loso,all,analyte,F1,majority,bal_acc,0.0433,0.0,0.1176,0.05,,,,590,40,1000,295,fixed,"[{""fold"": ""test=536"", ""src"": ""fixed"", ""thr"": 0.5}, {""fold"": ""test=BW"", ""src"": ""fixed"", ""thr"": 0.5}]",2.38,"one culture per strain x analyte: no grouped inner CV, default hyperparameters"
T1,native,loso,all,analyte,F1,majority,macro_f1,0.0088,0.0,0.0245,,,,,590,40,1000,295,fixed,"[{""fold"": ""test=536"", ""src"": ""fixed"", ""thr"": 0.5}, {""fold"": ""test=BW"", ""src"": ""fixed"", ""thr"": 0.5}]",2.38,"one culture per strain x analyte: no grouped inner CV, default hyperparameters"
T1,native,loso,all,analyte,F1,majority,accuracy,0.0508,0.0,0.1321,0.0847,,,,590,40,1000,295,fixed,"[{""fold"": ""test=536"", ""src"": ""fixed"", ""thr"": 0.5}, {""fold"": ""test=BW"", ""src"": ""fixed"", ""thr"": 0.5}]",2.38,"one culture per strain x analyte: no grouped inner CV, default hyperparameters"
T1,native,loso,test=536,analyte,F1,majority,bal_acc,0.05,0.0,0.1,0.05,,,,200,20,1000,295,fixed,"[{""fold"": ""test=536"", ""src"": ""fixed"", ""thr"": 0.5}, {""fold"": ""test=BW"", ""src"": ""fixed"", ""thr"": 0.5}]",2.38,"one culture per strain x analyte: no grouped inner CV, default hyperparameters"
T1,native,loso,test=536,analyte,F1,majority,macro_f1,0.0048,0.0,0.0237,,,,,200,20,1000,295,fixed,"[{""fold"": ""test=536"", ""src"": ""fixed"", ""thr"": 0.5}, {""fold"": ""test=BW"", ""src"": ""fixed"", ""thr"": 0.5}]",2.38,"one culture per strain x analyte: no grouped inner CV, default hyperparameters"
T1,native,loso,test=536,analyte,F1,majority,accuracy,0.05,0.0,0.15,0.05,,,,200,20,1000,295,fixed,"[{""fold"": ""test=536"", ""src"": ""fixed"", ""thr"": 0.5}, {""fold"": ""test=BW"", ""src"": ""fixed"", ""thr"": 0.5}]",2.38,"one culture per strain x analyte: no grouped inner CV, default hyperparameters"
T1,native,loso,test=BW,analyte,F1,majority,bal_acc,0.05,0.0,0.1,0.05,,,,390,20,1000,295,fixed,"[{""fold"": ""test=536"", ""src"": ""fixed"", ""thr"": 0.5}, {""fold"": ""test=BW"", ""src"": ""fixed"", ""thr"": 0.5}]",2.38,"one culture per strain x analyte: no grouped inner CV, default hyperparameters"
T1,native,loso,test=BW,analyte,F1,majority,macro_f1,0.0049,0.0,0.026,,,,,390,20,1000,295,fixed,"[{""fold"": ""test=536"", ""src"": ""fixed"", ""thr"": 0.5}, {""fold"": ""test=BW"", ""src"": ""fixed"", ""thr"": 0.5}]",2.38,"one culture per strain x analyte: no grouped inner CV, default hyperparameters"
T1,native,loso,test=BW,analyte,F1,majority,accuracy,0.0513,0.0,0.1668,0.1026,,,,390,20,1000,295,fixed,"[{""fold"": ""test=536"", ""src"": ""fixed"", ""thr"": 0.5}, {""fold"": ""test=BW"", ""src"": ""fixed"", ""thr"": 0.5}]",2.38,"one culture per strain x analyte: no grouped inner CV, default hyperparameters"
T1,native,loso,all,analyte,F1,lr,bal_acc,0.1198,0.0512,0.1904,0.05,0.032,1000,0.051,590,40,1000,295,default,"[{""fold"": ""test=536"", ""C"": 0.1, ""src"": ""default"", ""thr"": 0.5}, {""fold"": ""test=BW"", ""C"": 0.1, ""src"": ""default"", ""thr"": 0.5}]",2.52,"one culture per strain x analyte: no grouped inner CV, default hyperparameters"
T1,native,loso,all,analyte,F1,lr,macro_f1,0.1057,0.0425,0.1629,,,,,590,40,1000,295,default,"[{""fold"": ""test=536"", ""C"": 0.1, ""src"": ""default"", ""thr"": 0.5}, {""fold"": ""test=BW"", ""C"": 0.1, ""src"": ""default"", ""thr"": 0.5}]",2.52,"one culture per strain x analyte: no grouped inner CV, default hyperparameters"
T1,native,loso,all,analyte,F1,lr,accuracy,0.122,0.0439,0.2148,0.0847,,,,590,40,1000,295,default,"[{""fold"": ""test=536"", ""C"": 0.1, ""src"": ""default"", ""thr"": 0.5}, {""fold"": ""test=BW"", ""C"": 0.1, ""src"": ""default"", ""thr"": 0.5}]",2.52,"one culture per strain x analyte: no grouped inner CV, default hyperparameters"
T1,native,loso,test=536,analyte,F1,lr,bal_acc,0.12,0.0,0.2,0.05,,,,200,20,1000,295,default,"[{""fold"": ""test=536"", ""C"": 0.1, ""src"": ""default"", ""thr"": 0.5}, {""fold"": ""test=BW"", ""C"": 0.1, ""src"": ""default"", ""thr"": 0.5}]",2.52,"one culture per strain x analyte: no grouped inner CV, default hyperparameters"
T1,native,loso,test=536,analyte,F1,lr,macro_f1,0.0874,0.0,0.1826,,,,,200,20,1000,295,default,"[{""fold"": ""test=536"", ""C"": 0.1, ""src"": ""default"", ""thr"": 0.5}, {""fold"": ""test=BW"", ""C"": 0.1, ""src"": ""default"", ""thr"": 0.5}]",2.52,"one culture per strain x analyte: no grouped inner CV, default hyperparameters"
T1,native,loso,test=536,analyte,F1,lr,accuracy,0.12,0.0,0.27,0.05,,,,200,20,1000,295,default,"[{""fold"": ""test=536"", ""C"": 0.1, ""src"": ""default"", ""thr"": 0.5}, {""fold"": ""test=BW"", ""C"": 0.1, ""src"": ""default"", ""thr"": 0.5}]",2.52,"one culture per strain x analyte: no grouped inner CV, default hyperparameters"
T1,native,loso,test=BW,analyte,F1,lr,bal_acc,0.1225,0.0346,0.2,0.05,,,,390,20,1000,295,default,"[{""fold"": ""test=536"", ""C"": 0.1, ""src"": ""default"", ""thr"": 0.5}, {""fold"": ""test=BW"", ""C"": 0.1, ""src"": ""default"", ""thr"": 0.5}]",2.52,"one culture per strain x analyte: no grouped inner CV, default hyperparameters"
T1,native,loso,test=BW,analyte,F1,lr,macro_f1,0.1,0.0326,0.1858,,,,,390,20,1000,295,default,"[{""fold"": ""test=536"", ""C"": 0.1, ""src"": ""default"", ""thr"": 0.5}, {""fold"": ""test=BW"", ""C"": 0.1, ""src"": ""default"", ""thr"": 0.5}]",2.52,"one culture per strain x analyte: no grouped inner CV, default hyperparameters"
T1,native,loso,test=BW,analyte,F1,lr,accuracy,0.1231,0.0282,0.2406,0.1026,,,,390,20,1000,295,default,"[{""fold"": ""test=536"", ""C"": 0.1, ""src"": ""default"", ""thr"": 0.5}, {""fold"": ""test=BW"", ""C"": 0.1, ""src"": ""default"", ""thr"": 0.5}]",2.52,"one culture per strain x analyte: no grouped inner CV, default hyperparameters"
T1,native,loso,all,analyte,F1,hgb,bal_acc,0.0917,0.0364,0.1307,0.05,,,,590,40,1000,295,fixed,"[{""fold"": ""test=536"", ""src"": ""fixed"", ""thr"": 0.5}, {""fold"": ""test=BW"", ""src"": ""fixed"", ""thr"": 0.5}]",6.09,"one culture per strain x analyte: no grouped inner CV, default hyperparameters"
T1,native,loso,all,analyte,F1,hgb,macro_f1,0.0634,0.0238,0.1019,,,,,590,40,1000,295,fixed,"[{""fold"": ""test=536"", ""src"": ""fixed"", ""thr"": 0.5}, {""fold"": ""test=BW"", ""src"": ""fixed"", ""thr"": 0.5}]",6.09,"one culture per strain x analyte: no grouped inner CV, default hyperparameters"
T1,native,loso,all,analyte,F1,hgb,accuracy,0.0932,0.0308,0.1766,0.0847,,,,590,40,1000,295,fixed,"[{""fold"": ""test=536"", ""src"": ""fixed"", ""thr"": 0.5}, {""fold"": ""test=BW"", ""src"": ""fixed"", ""thr"": 0.5}]",6.09,"one culture per strain x analyte: no grouped inner CV, default hyperparameters"
T1,native,loso,test=536,analyte,F1,hgb,bal_acc,0.065,0.0,0.1182,0.05,,,,200,20,1000,295,fixed,"[{""fold"": ""test=536"", ""src"": ""fixed"", ""thr"": 0.5}, {""fold"": ""test=BW"", ""src"": ""fixed"", ""thr"": 0.5}]",6.09,"one culture per strain x analyte: no grouped inner CV, default hyperparameters"
T1,native,loso,test=536,analyte,F1,hgb,macro_f1,0.0388,0.0,0.0983,,,,,200,20,1000,295,fixed,"[{""fold"": ""test=536"", ""src"": ""fixed"", ""thr"": 0.5}, {""fold"": ""test=BW"", ""src"": ""fixed"", ""thr"": 0.5}]",6.09,"one culture per strain x analyte: no grouped inner CV, default hyperparameters"
T1,native,loso,test=536,analyte,F1,hgb,accuracy,0.065,0.0,0.17,0.05,,,,200,20,1000,295,fixed,"[{""fold"": ""test=536"", ""src"": ""fixed"", ""thr"": 0.5}, {""fold"": ""test=BW"", ""src"": ""fixed"", ""thr"": 0.5}]",6.09,"one culture per strain x analyte: no grouped inner CV, default hyperparameters"
T1,native,loso,test=BW,analyte,F1,hgb,bal_acc,0.105,0.0269,0.1708,0.05,,,,390,20,1000,295,fixed,"[{""fold"": ""test=536"", ""src"": ""fixed"", ""thr"": 0.5}, {""fold"": ""test=BW"", ""src"": ""fixed"", ""thr"": 0.5}]",6.09,"one culture per strain x analyte: no grouped inner CV, default hyperparameters"
T1,native,loso,test=BW,analyte,F1,hgb,macro_f1,0.0752,0.0177,0.154,,,,,390,20,1000,295,fixed,"[{""fold"": ""test=536"", ""src"": ""fixed"", ""thr"": 0.5}, {""fold"": ""test=BW"", ""src"": ""fixed"", ""thr"": 0.5}]",6.09,"one culture per strain x analyte: no grouped inner CV, default hyperparameters"
T1,native,loso,test=BW,analyte,F1,hgb,accuracy,0.1077,0.0238,0.2216,0.1026,,,,390,20,1000,295,fixed,"[{""fold"": ""test=536"", ""src"": ""fixed"", ""thr"": 0.5}, {""fold"": ""test=BW"", ""src"": ""fixed"", ""thr"": 0.5}]",6.09,"one culture per strain x analyte: no grouped inner CV, default hyperparameters"
T1,native,loso,all,analyte,F1,knn,bal_acc,0.0875,0.0403,0.1255,0.05,,,,590,40,1000,295,default,"[{""fold"": ""test=536"", ""k"": 5, ""src"": ""default"", ""thr"": 0.5}, {""fold"": ""test=BW"", ""k"": 5, ""src"": ""default"", ""thr"": 0.5}]",2.46,"one culture per strain x analyte: no grouped inner CV, default hyperparameters"
T1,native,loso,all,analyte,F1,knn,macro_f1,0.0764,0.0276,0.1178,,,,,590,40,1000,295,default,"[{""fold"": ""test=536"", ""k"": 5, ""src"": ""default"", ""thr"": 0.5}, {""fold"": ""test=BW"", ""k"": 5, ""src"": ""default"", ""thr"": 0.5}]",2.46,"one culture per strain x analyte: no grouped inner CV, default hyperparameters"
T1,native,loso,all,analyte,F1,knn,accuracy,0.0847,0.0226,0.1692,0.0847,,,,590,40,1000,295,default,"[{""fold"": ""test=536"", ""k"": 5, ""src"": ""default"", ""thr"": 0.5}, {""fold"": ""test=BW"", ""k"": 5, ""src"": ""default"", ""thr"": 0.5}]",2.46,"one culture per strain x analyte: no grouped inner CV, default hyperparameters"
T1,native,loso,test=536,analyte,F1,knn,bal_acc,0.1,0.0231,0.1667,0.05,,,,200,20,1000,295,default,"[{""fold"": ""test=536"", ""k"": 5, ""src"": ""default"", ""thr"": 0.5}, {""fold"": ""test=BW"", ""k"": 5, ""src"": ""default"", ""thr"": 0.5}]",2.46,"one culture per strain x analyte: no grouped inner CV, default hyperparameters"
T1,native,loso,test=536,analyte,F1,knn,macro_f1,0.0845,0.0178,0.1723,,,,,200,20,1000,295,default,"[{""fold"": ""test=536"", ""k"": 5, ""src"": ""default"", ""thr"": 0.5}, {""fold"": ""test=BW"", ""k"": 5, ""src"": ""default"", ""thr"": 0.5}]",2.46,"one culture per strain x analyte: no grouped inner CV, default hyperparameters"
T1,native,loso,test=536,analyte,F1,knn,accuracy,0.1,0.015,0.215,0.05,,,,200,20,1000,295,default,"[{""fold"": ""test=536"", ""k"": 5, ""src"": ""default"", ""thr"": 0.5}, {""fold"": ""test=BW"", ""k"": 5, ""src"": ""default"", ""thr"": 0.5}]",2.46,"one culture per strain x analyte: no grouped inner CV, default hyperparameters"
T1,native,loso,test=BW,analyte,F1,knn,bal_acc,0.08,0.0042,0.14,0.05,,,,390,20,1000,295,default,"[{""fold"": ""test=536"", ""k"": 5, ""src"": ""default"", ""thr"": 0.5}, {""fold"": ""test=BW"", ""k"": 5, ""src"": ""default"", ""thr"": 0.5}]",2.46,"one culture per strain x analyte: no grouped inner CV, default hyperparameters"
T1,native,loso,test=BW,analyte,F1,knn,macro_f1,0.0717,0.0026,0.1483,,,,,390,20,1000,295,default,"[{""fold"": ""test=536"", ""k"": 5, ""src"": ""default"", ""thr"": 0.5}, {""fold"": ""test=BW"", ""k"": 5, ""src"": ""default"", ""thr"": 0.5}]",2.46,"one culture per strain x analyte: no grouped inner CV, default hyperparameters"
T1,native,loso,test=BW,analyte,F1,knn,accuracy,0.0769,0.0026,0.1921,0.1026,,,,390,20,1000,295,default,"[{""fold"": ""test=536"", ""k"": 5, ""src"": ""default"", ""thr"": 0.5}, {""fold"": ""test=BW"", ""k"": 5, ""src"": ""default"", ""thr"": 0.5}]",2.46,"one culture per strain x analyte: no grouped inner CV, default hyperparameters"
T1,native,loso,all,analyte,F1pos,majority,bal_acc,0.0433,0.0,0.1176,0.05,,,,590,40,1000,295,fixed,"[{""fold"": ""test=536"", ""src"": ""fixed"", ""thr"": 0.5}, {""fold"": ""test=BW"", ""src"": ""fixed"", ""thr"": 0.5}]",2.46,"one culture per strain x analyte: no grouped inner CV, default hyperparameters"
T1,native,loso,all,analyte,F1pos,majority,macro_f1,0.0088,0.0,0.0245,,,,,590,40,1000,295,fixed,"[{""fold"": ""test=536"", ""src"": ""fixed"", ""thr"": 0.5}, {""fold"": ""test=BW"", ""src"": ""fixed"", ""thr"": 0.5}]",2.46,"one culture per strain x analyte: no grouped inner CV, default hyperparameters"
T1,native,loso,all,analyte,F1pos,majority,accuracy,0.0508,0.0,0.1321,0.0847,,,,590,40,1000,295,fixed,"[{""fold"": ""test=536"", ""src"": ""fixed"", ""thr"": 0.5}, {""fold"": ""test=BW"", ""src"": ""fixed"", ""thr"": 0.5}]",2.46,"one culture per strain x analyte: no grouped inner CV, default hyperparameters"
T1,native,loso,test=536,analyte,F1pos,majority,bal_acc,0.05,0.0,0.1,0.05,,,,200,20,1000,295,fixed,"[{""fold"": ""test=536"", ""src"": ""fixed"", ""thr"": 0.5}, {""fold"": ""test=BW"", ""src"": ""fixed"", ""thr"": 0.5}]",2.46,"one culture per strain x analyte: no grouped inner CV, default hyperparameters"
T1,native,loso,test=536,analyte,F1pos,majority,macro_f1,0.0048,0.0,0.0237,,,,,200,20,1000,295,fixed,"[{""fold"": ""test=536"", ""src"": ""fixed"", ""thr"": 0.5}, {""fold"": ""test=BW"", ""src"": ""fixed"", ""thr"": 0.5}]",2.46,"one culture per strain x analyte: no grouped inner CV, default hyperparameters"
T1,native,loso,test=536,analyte,F1pos,majority,accuracy,0.05,0.0,0.15,0.05,,,,200,20,1000,295,fixed,"[{""fold"": ""test=536"", ""src"": ""fixed"", ""thr"": 0.5}, {""fold"": ""test=BW"", ""src"": ""fixed"", ""thr"": 0.5}]",2.46,"one culture per strain x analyte: no grouped inner CV, default hyperparameters"
T1,native,loso,test=BW,analyte,F1pos,majority,bal_acc,0.05,0.0,0.1,0.05,,,,390,20,1000,295,fixed,"[{""fold"": ""test=536"", ""src"": ""fixed"", ""thr"": 0.5}, {""fold"": ""test=BW"", ""src"": ""fixed"", ""thr"": 0.5}]",2.46,"one culture per strain x analyte: no grouped inner CV, default hyperparameters"
T1,native,loso,test=BW,analyte,F1pos,majority,macro_f1,0.0049,0.0,0.026,,,,,390,20,1000,295,fixed,"[{""fold"": ""test=536"", ""src"": ""fixed"", ""thr"": 0.5}, {""fold"": ""test=BW"", ""src"": ""fixed"", ""thr"": 0.5}]",2.46,"one culture per strain x analyte: no grouped inner CV, default hyperparameters"
T1,native,loso,test=BW,analyte,F1pos,majority,accuracy,0.0513,0.0,0.1668,0.1026,,,,390,20,1000,295,fixed,"[{""fold"": ""test=536"", ""src"": ""fixed"", ""thr"": 0.5}, {""fold"": ""test=BW"", ""src"": ""fixed"", ""thr"": 0.5}]",2.46,"one culture per strain x analyte: no grouped inner CV, default hyperparameters"
T1,native,loso,all,analyte,F1pos,lr,bal_acc,0.124,0.0551,0.1875,0.05,,,,590,40,1000,295,default,"[{""fold"": ""test=536"", ""C"": 0.1, ""src"": ""default"", ""thr"": 0.5}, {""fold"": ""test=BW"", ""C"": 0.1, ""src"": ""default"", ""thr"": 0.5}]",2.63,"one culture per strain x analyte: no grouped inner CV, default hyperparameters"
T1,native,loso,all,analyte,F1pos,lr,macro_f1,0.1018,0.0432,0.1501,,,,,590,40,1000,295,default,"[{""fold"": ""test=536"", ""C"": 0.1, ""src"": ""default"", ""thr"": 0.5}, {""fold"": ""test=BW"", ""C"": 0.1, ""src"": ""default"", ""thr"": 0.5}]",2.63,"one culture per strain x analyte: no grouped inner CV, default hyperparameters"
T1,native,loso,all,analyte,F1pos,lr,accuracy,0.1305,0.05,0.2175,0.0847,,,,590,40,1000,295,default,"[{""fold"": ""test=536"", ""C"": 0.1, ""src"": ""default"", ""thr"": 0.5}, {""fold"": ""test=BW"", ""C"": 0.1, ""src"": ""default"", ""thr"": 0.5}]",2.63,"one culture per strain x analyte: no grouped inner CV, default hyperparameters"
T1,native,loso,test=536,analyte,F1pos,lr,bal_acc,0.12,0.0,0.2,0.05,,,,200,20,1000,295,default,"[{""fold"": ""test=536"", ""C"": 0.1, ""src"": ""default"", ""thr"": 0.5}, {""fold"": ""test=BW"", ""C"": 0.1, ""src"": ""default"", ""thr"": 0.5}]",2.63,"one culture per strain x analyte: no grouped inner CV, default hyperparameters"
T1,native,loso,test=536,analyte,F1pos,lr,macro_f1,0.0734,0.0,0.163,,,,,200,20,1000,295,default,"[{""fold"": ""test=536"", ""C"": 0.1, ""src"": ""default"", ""thr"": 0.5}, {""fold"": ""test=BW"", ""C"": 0.1, ""src"": ""default"", ""thr"": 0.5}]",2.63,"one culture per strain x analyte: no grouped inner CV, default hyperparameters"
T1,native,loso,test=536,analyte,F1pos,lr,accuracy,0.12,0.0,0.27,0.05,,,,200,20,1000,295,default,"[{""fold"": ""test=536"", ""C"": 0.1, ""src"": ""default"", ""thr"": 0.5}, {""fold"": ""test=BW"", ""C"": 0.1, ""src"": ""default"", ""thr"": 0.5}]",2.63,"one culture per strain x analyte: no grouped inner CV, default hyperparameters"
T1,native,loso,test=BW,analyte,F1pos,lr,bal_acc,0.1263,0.0354,0.2063,0.05,,,,390,20,1000,295,default,"[{""fold"": ""test=536"", ""C"": 0.1, ""src"": ""default"", ""thr"": 0.5}, {""fold"": ""test=BW"", ""C"": 0.1, ""src"": ""default"", ""thr"": 0.5}]",2.63,"one culture per strain x analyte: no grouped inner CV, default hyperparameters"
T1,native,loso,test=BW,analyte,F1pos,lr,macro_f1,0.1053,0.0341,0.1996,,,,,390,20,1000,295,default,"[{""fold"": ""test=536"", ""C"": 0.1, ""src"": ""default"", ""thr"": 0.5}, {""fold"": ""test=BW"", ""C"": 0.1, ""src"": ""default"", ""thr"": 0.5}]",2.63,"one culture per strain x analyte: no grouped inner CV, default hyperparameters"
T1,native,loso,test=BW,analyte,F1pos,lr,accuracy,0.1359,0.0359,0.2558,0.1026,,,,390,20,1000,295,default,"[{""fold"": ""test=536"", ""C"": 0.1, ""src"": ""default"", ""thr"": 0.5}, {""fold"": ""test=BW"", ""C"": 0.1, ""src"": ""default"", ""thr"": 0.5}]",2.63,"one culture per strain x analyte: no grouped inner CV, default hyperparameters"
T1,native,loso,all,analyte,F1pos,hgb,bal_acc,0.1083,0.05,0.153,0.05,,,,590,40,1000,295,fixed,"[{""fold"": ""test=536"", ""src"": ""fixed"", ""thr"": 0.5}, {""fold"": ""test=BW"", ""src"": ""fixed"", ""thr"": 0.5}]",7.58,"one culture per strain x analyte: no grouped inner CV, default hyperparameters"
T1,native,loso,all,analyte,F1pos,hgb,macro_f1,0.0789,0.0351,0.1195,,,,,590,40,1000,295,fixed,"[{""fold"": ""test=536"", ""src"": ""fixed"", ""thr"": 0.5}, {""fold"": ""test=BW"", ""src"": ""fixed"", ""thr"": 0.5}]",7.58,"one culture per strain x analyte: no grouped inner CV, default hyperparameters"
T1,native,loso,all,analyte,F1pos,hgb,accuracy,0.1169,0.0411,0.1984,0.0847,,,,590,40,1000,295,fixed,"[{""fold"": ""test=536"", ""src"": ""fixed"", ""thr"": 0.5}, {""fold"": ""test=BW"", ""src"": ""fixed"", ""thr"": 0.5}]",7.58,"one culture per strain x analyte: no grouped inner CV, default hyperparameters"
T1,native,loso,test=536,analyte,F1pos,hgb,bal_acc,0.1,0.0077,0.1727,0.05,,,,200,20,1000,295,fixed,"[{""fold"": ""test=536"", ""src"": ""fixed"", ""thr"": 0.5}, {""fold"": ""test=BW"", ""src"": ""fixed"", ""thr"": 0.5}]",7.58,"one culture per strain x analyte: no grouped inner CV, default hyperparameters"
T1,native,loso,test=536,analyte,F1pos,hgb,macro_f1,0.0602,0.0098,0.14,,,,,200,20,1000,295,fixed,"[{""fold"": ""test=536"", ""src"": ""fixed"", ""thr"": 0.5}, {""fold"": ""test=BW"", ""src"": ""fixed"", ""thr"": 0.5}]",7.58,"one culture per strain x analyte: no grouped inner CV, default hyperparameters"
T1,native,loso,test=536,analyte,F1pos,hgb,accuracy,0.1,0.005,0.225,0.05,,,,200,20,1000,295,fixed,"[{""fold"": ""test=536"", ""src"": ""fixed"", ""thr"": 0.5}, {""fold"": ""test=BW"", ""src"": ""fixed"", ""thr"": 0.5}]",7.58,"one culture per strain x analyte: no grouped inner CV, default hyperparameters"
T1,native,loso,test=BW,analyte,F1pos,hgb,bal_acc,0.11,0.0231,0.1833,0.05,,,,390,20,1000,295,fixed,"[{""fold"": ""test=536"", ""src"": ""fixed"", ""thr"": 0.5}, {""fold"": ""test=BW"", ""src"": ""fixed"", ""thr"": 0.5}]",7.58,"one culture per strain x analyte: no grouped inner CV, default hyperparameters"
T1,native,loso,test=BW,analyte,F1pos,hgb,macro_f1,0.0817,0.0219,0.1697,,,,,390,20,1000,295,fixed,"[{""fold"": ""test=536"", ""src"": ""fixed"", ""thr"": 0.5}, {""fold"": ""test=BW"", ""src"": ""fixed"", ""thr"": 0.5}]",7.58,"one culture per strain x analyte: no grouped inner CV, default hyperparameters"
T1,native,loso,test=BW,analyte,F1pos,hgb,accuracy,0.1256,0.0333,0.24,0.1026,,,,390,20,1000,295,fixed,"[{""fold"": ""test=536"", ""src"": ""fixed"", ""thr"": 0.5}, {""fold"": ""test=BW"", ""src"": ""fixed"", ""thr"": 0.5}]",7.58,"one culture per strain x analyte: no grouped inner CV, default hyperparameters"
T1,native,loso,all,analyte,F1pos,knn,bal_acc,0.1325,0.0603,0.1999,0.05,,,,590,40,1000,295,default,"[{""fold"": ""test=536"", ""k"": 5, ""src"": ""default"", ""thr"": 0.5}, {""fold"": ""test=BW"", ""k"": 5, ""src"": ""default"", ""thr"": 0.5}]",2.41,"one culture per strain x analyte: no grouped inner CV, default hyperparameters"
T1,native,loso,all,analyte,F1pos,knn,macro_f1,0.117,0.0495,0.1739,,,,,590,40,1000,295,default,"[{""fold"": ""test=536"", ""k"": 5, ""src"": ""default"", ""thr"": 0.5}, {""fold"": ""test=BW"", ""k"": 5, ""src"": ""default"", ""thr"": 0.5}]",2.41,"one culture per strain x analyte: no grouped inner CV, default hyperparameters"
T1,native,loso,all,analyte,F1pos,knn,accuracy,0.1322,0.0564,0.2193,0.0847,,,,590,40,1000,295,default,"[{""fold"": ""test=536"", ""k"": 5, ""src"": ""default"", ""thr"": 0.5}, {""fold"": ""test=BW"", ""k"": 5, ""src"": ""default"", ""thr"": 0.5}]",2.41,"one culture per strain x analyte: no grouped inner CV, default hyperparameters"
T1,native,loso,test=536,analyte,F1pos,knn,bal_acc,0.11,0.0154,0.1833,0.05,,,,200,20,1000,295,default,"[{""fold"": ""test=536"", ""k"": 5, ""src"": ""default"", ""thr"": 0.5}, {""fold"": ""test=BW"", ""k"": 5, ""src"": ""default"", ""thr"": 0.5}]",2.41,"one culture per strain x analyte: no grouped inner CV, default hyperparameters"
T1,native,loso,test=536,analyte,F1pos,knn,macro_f1,0.1017,0.0152,0.1914,,,,,200,20,1000,295,default,"[{""fold"": ""test=536"", ""k"": 5, ""src"": ""default"", ""thr"": 0.5}, {""fold"": ""test=BW"", ""k"": 5, ""src"": ""default"", ""thr"": 0.5}]",2.41,"one culture per strain x analyte: no grouped inner CV, default hyperparameters"
T1,native,loso,test=536,analyte,F1pos,knn,accuracy,0.11,0.01,0.235,0.05,,,,200,20,1000,295,default,"[{""fold"": ""test=536"", ""k"": 5, ""src"": ""default"", ""thr"": 0.5}, {""fold"": ""test=BW"", ""k"": 5, ""src"": ""default"", ""thr"": 0.5}]",2.41,"one culture per strain x analyte: no grouped inner CV, default hyperparameters"
T1,native,loso,test=BW,analyte,F1pos,knn,bal_acc,0.1537,0.0545,0.2476,0.05,,,,390,20,1000,295,default,"[{""fold"": ""test=536"", ""k"": 5, ""src"": ""default"", ""thr"": 0.5}, {""fold"": ""test=BW"", ""k"": 5, ""src"": ""default"", ""thr"": 0.5}]",2.41,"one culture per strain x analyte: no grouped inner CV, default hyperparameters"
T1,native,loso,test=BW,analyte,F1pos,knn,macro_f1,0.1124,0.0384,0.2108,,,,,390,20,1000,295,default,"[{""fold"": ""test=536"", ""k"": 5, ""src"": ""default"", ""thr"": 0.5}, {""fold"": ""test=BW"", ""k"": 5, ""src"": ""default"", ""thr"": 0.5}]",2.41,"one culture per strain x analyte: no grouped inner CV, default hyperparameters"
T1,native,loso,test=BW,analyte,F1pos,knn,accuracy,0.1436,0.0452,0.2601,0.1026,,,,390,20,1000,295,default,"[{""fold"": ""test=536"", ""k"": 5, ""src"": ""default"", ""thr"": 0.5}, {""fold"": ""test=BW"", ""k"": 5, ""src"": ""default"", ""thr"": 0.5}]",2.41,"one culture per strain x analyte: no grouped inner CV, default hyperparameters"
T1,native,loso,all,analyte,F2,majority,bal_acc,0.0433,0.0,0.1176,0.05,,,,590,40,1000,295,fixed,"[{""fold"": ""test=536"", ""src"": ""fixed"", ""thr"": 0.5}, {""fold"": ""test=BW"", ""src"": ""fixed"", ""thr"": 0.5}]",2.53,"one culture per strain x analyte: no grouped inner CV, default hyperparameters"
T1,native,loso,all,analyte,F2,majority,macro_f1,0.0088,0.0,0.0245,,,,,590,40,1000,295,fixed,"[{""fold"": ""test=536"", ""src"": ""fixed"", ""thr"": 0.5}, {""fold"": ""test=BW"", ""src"": ""fixed"", ""thr"": 0.5}]",2.53,"one culture per strain x analyte: no grouped inner CV, default hyperparameters"
T1,native,loso,all,analyte,F2,majority,accuracy,0.0508,0.0,0.1321,0.0847,,,,590,40,1000,295,fixed,"[{""fold"": ""test=536"", ""src"": ""fixed"", ""thr"": 0.5}, {""fold"": ""test=BW"", ""src"": ""fixed"", ""thr"": 0.5}]",2.53,"one culture per strain x analyte: no grouped inner CV, default hyperparameters"
T1,native,loso,test=536,analyte,F2,majority,bal_acc,0.05,0.0,0.1,0.05,,,,200,20,1000,295,fixed,"[{""fold"": ""test=536"", ""src"": ""fixed"", ""thr"": 0.5}, {""fold"": ""test=BW"", ""src"": ""fixed"", ""thr"": 0.5}]",2.53,"one culture per strain x analyte: no grouped inner CV, default hyperparameters"
T1,native,loso,test=536,analyte,F2,majority,macro_f1,0.0048,0.0,0.0237,,,,,200,20,1000,295,fixed,"[{""fold"": ""test=536"", ""src"": ""fixed"", ""thr"": 0.5}, {""fold"": ""test=BW"", ""src"": ""fixed"", ""thr"": 0.5}]",2.53,"one culture per strain x analyte: no grouped inner CV, default hyperparameters"
T1,native,loso,test=536,analyte,F2,majority,accuracy,0.05,0.0,0.15,0.05,,,,200,20,1000,295,fixed,"[{""fold"": ""test=536"", ""src"": ""fixed"", ""thr"": 0.5}, {""fold"": ""test=BW"", ""src"": ""fixed"", ""thr"": 0.5}]",2.53,"one culture per strain x analyte: no grouped inner CV, default hyperparameters"
T1,native,loso,test=BW,analyte,F2,majority,bal_acc,0.05,0.0,0.1,0.05,,,,390,20,1000,295,fixed,"[{""fold"": ""test=536"", ""src"": ""fixed"", ""thr"": 0.5}, {""fold"": ""test=BW"", ""src"": ""fixed"", ""thr"": 0.5}]",2.53,"one culture per strain x analyte: no grouped inner CV, default hyperparameters"
T1,native,loso,test=BW,analyte,F2,majority,macro_f1,0.0049,0.0,0.026,,,,,390,20,1000,295,fixed,"[{""fold"": ""test=536"", ""src"": ""fixed"", ""thr"": 0.5}, {""fold"": ""test=BW"", ""src"": ""fixed"", ""thr"": 0.5}]",2.53,"one culture per strain x analyte: no grouped inner CV, default hyperparameters"
T1,native,loso,test=BW,analyte,F2,majority,accuracy,0.0513,0.0,0.1668,0.1026,,,,390,20,1000,295,fixed,"[{""fold"": ""test=536"", ""src"": ""fixed"", ""thr"": 0.5}, {""fold"": ""test=BW"", ""src"": ""fixed"", ""thr"": 0.5}]",2.53,"one culture per strain x analyte: no grouped inner CV, default hyperparameters"
T1,native,loso,all,analyte,F2,lr,bal_acc,0.1075,0.0496,0.1517,0.05,,,,590,40,1000,295,default,"[{""fold"": ""test=536"", ""C"": 0.1, ""src"": ""default"", ""thr"": 0.5}, {""fold"": ""test=BW"", ""C"": 0.1, ""src"": ""default"", ""thr"": 0.5}]",3.87,"one culture per strain x analyte: no grouped inner CV, default hyperparameters"
T1,native,loso,all,analyte,F2,lr,macro_f1,0.0863,0.0273,0.1314,,,,,590,40,1000,295,default,"[{""fold"": ""test=536"", ""C"": 0.1, ""src"": ""default"", ""thr"": 0.5}, {""fold"": ""test=BW"", ""C"": 0.1, ""src"": ""default"", ""thr"": 0.5}]",3.87,"one culture per strain x analyte: no grouped inner CV, default hyperparameters"
T1,native,loso,all,analyte,F2,lr,accuracy,0.1034,0.025,0.2118,0.0847,,,,590,40,1000,295,default,"[{""fold"": ""test=536"", ""C"": 0.1, ""src"": ""default"", ""thr"": 0.5}, {""fold"": ""test=BW"", ""C"": 0.1, ""src"": ""default"", ""thr"": 0.5}]",3.87,"one culture per strain x analyte: no grouped inner CV, default hyperparameters"
T1,native,loso,test=536,analyte,F2,lr,bal_acc,0.095,0.0,0.1727,0.05,,,,200,20,1000,295,default,"[{""fold"": ""test=536"", ""C"": 0.1, ""src"": ""default"", ""thr"": 0.5}, {""fold"": ""test=BW"", ""C"": 0.1, ""src"": ""default"", ""thr"": 0.5}]",3.87,"one culture per strain x analyte: no grouped inner CV, default hyperparameters"
T1,native,loso,test=536,analyte,F2,lr,macro_f1,0.0543,0.0,0.1292,,,,,200,20,1000,295,default,"[{""fold"": ""test=536"", ""C"": 0.1, ""src"": ""default"", ""thr"": 0.5}, {""fold"": ""test=BW"", ""C"": 0.1, ""src"": ""default"", ""thr"": 0.5}]",3.87,"one culture per strain x analyte: no grouped inner CV, default hyperparameters"
T1,native,loso,test=536,analyte,F2,lr,accuracy,0.095,0.0,0.2351,0.05,,,,200,20,1000,295,default,"[{""fold"": ""test=536"", ""C"": 0.1, ""src"": ""default"", ""thr"": 0.5}, {""fold"": ""test=BW"", ""C"": 0.1, ""src"": ""default"", ""thr"": 0.5}]",3.87,"one culture per strain x analyte: no grouped inner CV, default hyperparameters"
T1,native,loso,test=BW,analyte,F2,lr,bal_acc,0.1225,0.0042,0.2042,0.05,,,,390,20,1000,295,default,"[{""fold"": ""test=536"", ""C"": 0.1, ""src"": ""default"", ""thr"": 0.5}, {""fold"": ""test=BW"", ""C"": 0.1, ""src"": ""default"", ""thr"": 0.5}]",3.87,"one culture per strain x analyte: no grouped inner CV, default hyperparameters"
T1,native,loso,test=BW,analyte,F2,lr,macro_f1,0.1057,0.0022,0.1999,,,,,390,20,1000,295,default,"[{""fold"": ""test=536"", ""C"": 0.1, ""src"": ""default"", ""thr"": 0.5}, {""fold"": ""test=BW"", ""C"": 0.1, ""src"": ""default"", ""thr"": 0.5}]",3.87,"one culture per strain x analyte: no grouped inner CV, default hyperparameters"
T1,native,loso,test=BW,analyte,F2,lr,accuracy,0.1077,0.0026,0.25,0.1026,,,,390,20,1000,295,default,"[{""fold"": ""test=536"", ""C"": 0.1, ""src"": ""default"", ""thr"": 0.5}, {""fold"": ""test=BW"", ""C"": 0.1, ""src"": ""default"", ""thr"": 0.5}]",3.87,"one culture per strain x analyte: no grouped inner CV, default hyperparameters"
T1,native,loso,all,analyte,F2,hgb,bal_acc,0.0858,0.0314,0.1205,0.05,,,,590,40,1000,295,fixed,"[{""fold"": ""test=536"", ""src"": ""fixed"", ""thr"": 0.5}, {""fold"": ""test=BW"", ""src"": ""fixed"", ""thr"": 0.5}]",37.0,"one culture per strain x analyte: no grouped inner CV, default hyperparameters"
T1,native,loso,all,analyte,F2,hgb,macro_f1,0.0588,0.0188,0.092,,,,,590,40,1000,295,fixed,"[{""fold"": ""test=536"", ""src"": ""fixed"", ""thr"": 0.5}, {""fold"": ""test=BW"", ""src"": ""fixed"", ""thr"": 0.5}]",37.0,"one culture per strain x analyte: no grouped inner CV, default hyperparameters"
T1,native,loso,all,analyte,F2,hgb,accuracy,0.0864,0.0263,0.1709,0.0847,,,,590,40,1000,295,fixed,"[{""fold"": ""test=536"", ""src"": ""fixed"", ""thr"": 0.5}, {""fold"": ""test=BW"", ""src"": ""fixed"", ""thr"": 0.5}]",37.0,"one culture per strain x analyte: no grouped inner CV, default hyperparameters"
T1,native,loso,test=536,analyte,F2,hgb,bal_acc,0.075,0.0091,0.13,0.05,,,,200,20,1000,295,fixed,"[{""fold"": ""test=536"", ""src"": ""fixed"", ""thr"": 0.5}, {""fold"": ""test=BW"", ""src"": ""fixed"", ""thr"": 0.5}]",37.0,"one culture per strain x analyte: no grouped inner CV, default hyperparameters"
T1,native,loso,test=536,analyte,F2,hgb,macro_f1,0.0437,0.0088,0.1026,,,,,200,20,1000,295,fixed,"[{""fold"": ""test=536"", ""src"": ""fixed"", ""thr"": 0.5}, {""fold"": ""test=BW"", ""src"": ""fixed"", ""thr"": 0.5}]",37.0,"one culture per strain x analyte: no grouped inner CV, default hyperparameters"
T1,native,loso,test=536,analyte,F2,hgb,accuracy,0.075,0.01,0.1851,0.05,,,,200,20,1000,295,fixed,"[{""fold"": ""test=536"", ""src"": ""fixed"", ""thr"": 0.5}, {""fold"": ""test=BW"", ""src"": ""fixed"", ""thr"": 0.5}]",37.0,"one culture per strain x analyte: no grouped inner CV, default hyperparameters"
T1,native,loso,test=BW,analyte,F2,hgb,bal_acc,0.09,0.0154,0.15,0.05,,,,390,20,1000,295,fixed,"[{""fold"": ""test=536"", ""src"": ""fixed"", ""thr"": 0.5}, {""fold"": ""test=BW"", ""src"": ""fixed"", ""thr"": 0.5}]",37.0,"one culture per strain x analyte: no grouped inner CV, default hyperparameters"
T1,native,loso,test=BW,analyte,F2,hgb,macro_f1,0.0662,0.0102,0.1408,,,,,390,20,1000,295,fixed,"[{""fold"": ""test=536"", ""src"": ""fixed"", ""thr"": 0.5}, {""fold"": ""test=BW"", ""src"": ""fixed"", ""thr"": 0.5}]",37.0,"one culture per strain x analyte: no grouped inner CV, default hyperparameters"
T1,native,loso,test=BW,analyte,F2,hgb,accuracy,0.0923,0.0105,0.2053,0.1026,,,,390,20,1000,295,fixed,"[{""fold"": ""test=536"", ""src"": ""fixed"", ""thr"": 0.5}, {""fold"": ""test=BW"", ""src"": ""fixed"", ""thr"": 0.5}]",37.0,"one culture per strain x analyte: no grouped inner CV, default hyperparameters"
T1,native,loso,all,analyte,F2,knn,bal_acc,0.1283,0.0588,0.1671,0.05,,,,590,40,1000,295,default,"[{""fold"": ""test=536"", ""k"": 5, ""src"": ""default"", ""thr"": 0.5}, {""fold"": ""test=BW"", ""k"": 5, ""src"": ""default"", ""thr"": 0.5}]",2.43,"one culture per strain x analyte: no grouped inner CV, default hyperparameters"
T1,native,loso,all,analyte,F2,knn,macro_f1,0.0898,0.0365,0.1349,,,,,590,40,1000,295,default,"[{""fold"": ""test=536"", ""k"": 5, ""src"": ""default"", ""thr"": 0.5}, {""fold"": ""test=BW"", ""k"": 5, ""src"": ""default"", ""thr"": 0.5}]",2.43,"one culture per strain x analyte: no grouped inner CV, default hyperparameters"
T1,native,loso,all,analyte,F2,knn,accuracy,0.1136,0.0357,0.2194,0.0847,,,,590,40,1000,295,default,"[{""fold"": ""test=536"", ""k"": 5, ""src"": ""default"", ""thr"": 0.5}, {""fold"": ""test=BW"", ""k"": 5, ""src"": ""default"", ""thr"": 0.5}]",2.43,"one culture per strain x analyte: no grouped inner CV, default hyperparameters"
T1,native,loso,test=536,analyte,F2,knn,bal_acc,0.13,0.0,0.2167,0.05,,,,200,20,1000,295,default,"[{""fold"": ""test=536"", ""k"": 5, ""src"": ""default"", ""thr"": 0.5}, {""fold"": ""test=BW"", ""k"": 5, ""src"": ""default"", ""thr"": 0.5}]",2.43,"one culture per strain x analyte: no grouped inner CV, default hyperparameters"
T1,native,loso,test=536,analyte,F2,knn,macro_f1,0.0933,0.0,0.193,,,,,200,20,1000,295,default,"[{""fold"": ""test=536"", ""k"": 5, ""src"": ""default"", ""thr"": 0.5}, {""fold"": ""test=BW"", ""k"": 5, ""src"": ""default"", ""thr"": 0.5}]",2.43,"one culture per strain x analyte: no grouped inner CV, default hyperparameters"
T1,native,loso,test=536,analyte,F2,knn,accuracy,0.13,0.0,0.28,0.05,,,,200,20,1000,295,default,"[{""fold"": ""test=536"", ""k"": 5, ""src"": ""default"", ""thr"": 0.5}, {""fold"": ""test=BW"", ""k"": 5, ""src"": ""default"", ""thr"": 0.5}]",2.43,"one culture per strain x analyte: no grouped inner CV, default hyperparameters"
T1,native,loso,test=BW,analyte,F2,knn,bal_acc,0.1275,0.0,0.2125,0.05,,,,390,20,1000,295,default,"[{""fold"": ""test=536"", ""k"": 5, ""src"": ""default"", ""thr"": 0.5}, {""fold"": ""test=BW"", ""k"": 5, ""src"": ""default"", ""thr"": 0.5}]",2.43,"one culture per strain x analyte: no grouped inner CV, default hyperparameters"
T1,native,loso,test=BW,analyte,F2,knn,macro_f1,0.0928,0.0,0.1938,,,,,390,20,1000,295,default,"[{""fold"": ""test=536"", ""k"": 5, ""src"": ""default"", ""thr"": 0.5}, {""fold"": ""test=BW"", ""k"": 5, ""src"": ""default"", ""thr"": 0.5}]",2.43,"one culture per strain x analyte: no grouped inner CV, default hyperparameters"
T1,native,loso,test=BW,analyte,F2,knn,accuracy,0.1051,0.0,0.2405,0.1026,,,,390,20,1000,295,default,"[{""fold"": ""test=536"", ""k"": 5, ""src"": ""default"", ""thr"": 0.5}, {""fold"": ""test=BW"", ""k"": 5, ""src"": ""default"", ""thr"": 0.5}]",2.43,"one culture per strain x analyte: no grouped inner CV, default hyperparameters"
T1,native,loso,all,analyte,F3,majority,bal_acc,0.0433,0.0,0.1176,0.05,,,,590,40,1000,295,fixed,"[{""fold"": ""test=536"", ""src"": ""fixed"", ""thr"": 0.5}, {""fold"": ""test=BW"", ""src"": ""fixed"", ""thr"": 0.5}]",2.42,"one culture per strain x analyte: no grouped inner CV, default hyperparameters"
T1,native,loso,all,analyte,F3,majority,macro_f1,0.0088,0.0,0.0245,,,,,590,40,1000,295,fixed,"[{""fold"": ""test=536"", ""src"": ""fixed"", ""thr"": 0.5}, {""fold"": ""test=BW"", ""src"": ""fixed"", ""thr"": 0.5}]",2.42,"one culture per strain x analyte: no grouped inner CV, default hyperparameters"
T1,native,loso,all,analyte,F3,majority,accuracy,0.0508,0.0,0.1321,0.0847,,,,590,40,1000,295,fixed,"[{""fold"": ""test=536"", ""src"": ""fixed"", ""thr"": 0.5}, {""fold"": ""test=BW"", ""src"": ""fixed"", ""thr"": 0.5}]",2.42,"one culture per strain x analyte: no grouped inner CV, default hyperparameters"
T1,native,loso,test=536,analyte,F3,majority,bal_acc,0.05,0.0,0.1,0.05,,,,200,20,1000,295,fixed,"[{""fold"": ""test=536"", ""src"": ""fixed"", ""thr"": 0.5}, {""fold"": ""test=BW"", ""src"": ""fixed"", ""thr"": 0.5}]",2.42,"one culture per strain x analyte: no grouped inner CV, default hyperparameters"
T1,native,loso,test=536,analyte,F3,majority,macro_f1,0.0048,0.0,0.0237,,,,,200,20,1000,295,fixed,"[{""fold"": ""test=536"", ""src"": ""fixed"", ""thr"": 0.5}, {""fold"": ""test=BW"", ""src"": ""fixed"", ""thr"": 0.5}]",2.42,"one culture per strain x analyte: no grouped inner CV, default hyperparameters"
T1,native,loso,test=536,analyte,F3,majority,accuracy,0.05,0.0,0.15,0.05,,,,200,20,1000,295,fixed,"[{""fold"": ""test=536"", ""src"": ""fixed"", ""thr"": 0.5}, {""fold"": ""test=BW"", ""src"": ""fixed"", ""thr"": 0.5}]",2.42,"one culture per strain x analyte: no grouped inner CV, default hyperparameters"
T1,native,loso,test=BW,analyte,F3,majority,bal_acc,0.05,0.0,0.1,0.05,,,,390,20,1000,295,fixed,"[{""fold"": ""test=536"", ""src"": ""fixed"", ""thr"": 0.5}, {""fold"": ""test=BW"", ""src"": ""fixed"", ""thr"": 0.5}]",2.42,"one culture per strain x analyte: no grouped inner CV, default hyperparameters"
T1,native,loso,test=BW,analyte,F3,majority,macro_f1,0.0049,0.0,0.026,,,,,390,20,1000,295,fixed,"[{""fold"": ""test=536"", ""src"": ""fixed"", ""thr"": 0.5}, {""fold"": ""test=BW"", ""src"": ""fixed"", ""thr"": 0.5}]",2.42,"one culture per strain x analyte: no grouped inner CV, default hyperparameters"
T1,native,loso,test=BW,analyte,F3,majority,accuracy,0.0513,0.0,0.1668,0.1026,,,,390,20,1000,295,fixed,"[{""fold"": ""test=536"", ""src"": ""fixed"", ""thr"": 0.5}, {""fold"": ""test=BW"", ""src"": ""fixed"", ""thr"": 0.5}]",2.42,"one culture per strain x analyte: no grouped inner CV, default hyperparameters"
T1,native,loso,all,analyte,F3,lr,bal_acc,0.1325,0.0611,0.2105,0.05,,,,590,40,1000,295,default,"[{""fold"": ""test=536"", ""C"": 0.1, ""src"": ""default"", ""thr"": 0.5}, {""fold"": ""test=BW"", ""C"": 0.1, ""src"": ""default"", ""thr"": 0.5}]",3.34,"one culture per strain x analyte: no grouped inner CV, default hyperparameters"
T1,native,loso,all,analyte,F3,lr,macro_f1,0.1125,0.0355,0.1729,,,,,590,40,1000,295,default,"[{""fold"": ""test=536"", ""C"": 0.1, ""src"": ""default"", ""thr"": 0.5}, {""fold"": ""test=BW"", ""C"": 0.1, ""src"": ""default"", ""thr"": 0.5}]",3.34,"one culture per strain x analyte: no grouped inner CV, default hyperparameters"
T1,native,loso,all,analyte,F3,lr,accuracy,0.1322,0.0404,0.2525,0.0847,,,,590,40,1000,295,default,"[{""fold"": ""test=536"", ""C"": 0.1, ""src"": ""default"", ""thr"": 0.5}, {""fold"": ""test=BW"", ""C"": 0.1, ""src"": ""default"", ""thr"": 0.5}]",3.34,"one culture per strain x analyte: no grouped inner CV, default hyperparameters"
T1,native,loso,test=536,analyte,F3,lr,bal_acc,0.185,0.0615,0.3083,0.05,,,,200,20,1000,295,default,"[{""fold"": ""test=536"", ""C"": 0.1, ""src"": ""default"", ""thr"": 0.5}, {""fold"": ""test=BW"", ""C"": 0.1, ""src"": ""default"", ""thr"": 0.5}]",3.34,"one culture per strain x analyte: no grouped inner CV, default hyperparameters"
T1,native,loso,test=536,analyte,F3,lr,macro_f1,0.1359,0.0282,0.2573,,,,,200,20,1000,295,default,"[{""fold"": ""test=536"", ""C"": 0.1, ""src"": ""default"", ""thr"": 0.5}, {""fold"": ""test=BW"", ""C"": 0.1, ""src"": ""default"", ""thr"": 0.5}]",3.34,"one culture per strain x analyte: no grouped inner CV, default hyperparameters"
T1,native,loso,test=536,analyte,F3,lr,accuracy,0.185,0.04,0.37,0.05,,,,200,20,1000,295,default,"[{""fold"": ""test=536"", ""C"": 0.1, ""src"": ""default"", ""thr"": 0.5}, {""fold"": ""test=BW"", ""C"": 0.1, ""src"": ""default"", ""thr"": 0.5}]",3.34,"one culture per strain x analyte: no grouped inner CV, default hyperparameters"
T1,native,loso,test=BW,analyte,F3,lr,bal_acc,0.11,0.0,0.19,0.05,,,,390,20,1000,295,default,"[{""fold"": ""test=536"", ""C"": 0.1, ""src"": ""default"", ""thr"": 0.5}, {""fold"": ""test=BW"", ""C"": 0.1, ""src"": ""default"", ""thr"": 0.5}]",3.34,"one culture per strain x analyte: no grouped inner CV, default hyperparameters"
T1,native,loso,test=BW,analyte,F3,lr,macro_f1,0.0848,0.0,0.1627,,,,,390,20,1000,295,default,"[{""fold"": ""test=536"", ""C"": 0.1, ""src"": ""default"", ""thr"": 0.5}, {""fold"": ""test=BW"", ""C"": 0.1, ""src"": ""default"", ""thr"": 0.5}]",3.34,"one culture per strain x analyte: no grouped inner CV, default hyperparameters"
T1,native,loso,test=BW,analyte,F3,lr,accuracy,0.1051,0.0,0.2595,0.1026,,,,390,20,1000,295,default,"[{""fold"": ""test=536"", ""C"": 0.1, ""src"": ""default"", ""thr"": 0.5}, {""fold"": ""test=BW"", ""C"": 0.1, ""src"": ""default"", ""thr"": 0.5}]",3.34,"one culture per strain x analyte: no grouped inner CV, default hyperparameters"
T1,native,loso,all,analyte,F3,hgb,bal_acc,0.0842,0.0403,0.1325,0.05,,,,590,40,1000,295,fixed,"[{""fold"": ""test=536"", ""src"": ""fixed"", ""thr"": 0.5}, {""fold"": ""test=BW"", ""src"": ""fixed"", ""thr"": 0.5}]",31.33,"one culture per strain x analyte: no grouped inner CV, default hyperparameters"
T1,native,loso,all,analyte,F3,hgb,macro_f1,0.0674,0.0303,0.1115,,,,,590,40,1000,295,fixed,"[{""fold"": ""test=536"", ""src"": ""fixed"", ""thr"": 0.5}, {""fold"": ""test=BW"", ""src"": ""fixed"", ""thr"": 0.5}]",31.33,"one culture per strain x analyte: no grouped inner CV, default hyperparameters"
T1,native,loso,all,analyte,F3,hgb,accuracy,0.078,0.0264,0.1455,0.0847,,,,590,40,1000,295,fixed,"[{""fold"": ""test=536"", ""src"": ""fixed"", ""thr"": 0.5}, {""fold"": ""test=BW"", ""src"": ""fixed"", ""thr"": 0.5}]",31.33,"one culture per strain x analyte: no grouped inner CV, default hyperparameters"
T1,native,loso,test=536,analyte,F3,hgb,bal_acc,0.11,0.0308,0.1833,0.05,,,,200,20,1000,295,fixed,"[{""fold"": ""test=536"", ""src"": ""fixed"", ""thr"": 0.5}, {""fold"": ""test=BW"", ""src"": ""fixed"", ""thr"": 0.5}]",31.33,"one culture per strain x analyte: no grouped inner CV, default hyperparameters"
T1,native,loso,test=536,analyte,F3,hgb,macro_f1,0.0753,0.0201,0.1664,,,,,200,20,1000,295,fixed,"[{""fold"": ""test=536"", ""src"": ""fixed"", ""thr"": 0.5}, {""fold"": ""test=BW"", ""src"": ""fixed"", ""thr"": 0.5}]",31.33,"one culture per strain x analyte: no grouped inner CV, default hyperparameters"
T1,native,loso,test=536,analyte,F3,hgb,accuracy,0.11,0.02,0.22,0.05,,,,200,20,1000,295,fixed,"[{""fold"": ""test=536"", ""src"": ""fixed"", ""thr"": 0.5}, {""fold"": ""test=BW"", ""src"": ""fixed"", ""thr"": 0.5}]",31.33,"one culture per strain x analyte: no grouped inner CV, default hyperparameters"
T1,native,loso,test=BW,analyte,F3,hgb,bal_acc,0.065,0.0143,0.1083,0.05,,,,390,20,1000,295,fixed,"[{""fold"": ""test=536"", ""src"": ""fixed"", ""thr"": 0.5}, {""fold"": ""test=BW"", ""src"": ""fixed"", ""thr"": 0.5}]",31.33,"one culture per strain x analyte: no grouped inner CV, default hyperparameters"
T1,native,loso,test=BW,analyte,F3,hgb,macro_f1,0.0564,0.0182,0.1087,,,,,390,20,1000,295,fixed,"[{""fold"": ""test=536"", ""src"": ""fixed"", ""thr"": 0.5}, {""fold"": ""test=BW"", ""src"": ""fixed"", ""thr"": 0.5}]",31.33,"one culture per strain x analyte: no grouped inner CV, default hyperparameters"
T1,native,loso,test=BW,analyte,F3,hgb,accuracy,0.0615,0.0095,0.1474,0.1026,,,,390,20,1000,295,fixed,"[{""fold"": ""test=536"", ""src"": ""fixed"", ""thr"": 0.5}, {""fold"": ""test=BW"", ""src"": ""fixed"", ""thr"": 0.5}]",31.33,"one culture per strain x analyte: no grouped inner CV, default hyperparameters"
T1,native,loso,all,analyte,F3,knn,bal_acc,0.2,0.1159,0.2619,0.05,0.001,1000,0.0511,590,40,1000,295,default,"[{""fold"": ""test=536"", ""k"": 5, ""src"": ""default"", ""thr"": 0.5}, {""fold"": ""test=BW"", ""k"": 5, ""src"": ""default"", ""thr"": 0.5}]",2.66,"one culture per strain x analyte: no grouped inner CV, default hyperparameters"
T1,native,loso,all,analyte,F3,knn,macro_f1,0.1406,0.0732,0.2018,,,,,590,40,1000,295,default,"[{""fold"": ""test=536"", ""k"": 5, ""src"": ""default"", ""thr"": 0.5}, {""fold"": ""test=BW"", ""k"": 5, ""src"": ""default"", ""thr"": 0.5}]",2.66,"one culture per strain x analyte: no grouped inner CV, default hyperparameters"
T1,native,loso,all,analyte,F3,knn,accuracy,0.1864,0.0757,0.3333,0.0847,,,,590,40,1000,295,default,"[{""fold"": ""test=536"", ""k"": 5, ""src"": ""default"", ""thr"": 0.5}, {""fold"": ""test=BW"", ""k"": 5, ""src"": ""default"", ""thr"": 0.5}]",2.66,"one culture per strain x analyte: no grouped inner CV, default hyperparameters"
T1,native,loso,test=536,analyte,F3,knn,bal_acc,0.15,0.0,0.25,0.05,,,,200,20,1000,295,default,"[{""fold"": ""test=536"", ""k"": 5, ""src"": ""default"", ""thr"": 0.5}, {""fold"": ""test=BW"", ""k"": 5, ""src"": ""default"", ""thr"": 0.5}]",2.66,"one culture per strain x analyte: no grouped inner CV, default hyperparameters"
T1,native,loso,test=536,analyte,F3,knn,macro_f1,0.0987,0.0,0.2121,,,,,200,20,1000,295,default,"[{""fold"": ""test=536"", ""k"": 5, ""src"": ""default"", ""thr"": 0.5}, {""fold"": ""test=BW"", ""k"": 5, ""src"": ""default"", ""thr"": 0.5}]",2.66,"one culture per strain x analyte: no grouped inner CV, default hyperparameters"
T1,native,loso,test=536,analyte,F3,knn,accuracy,0.15,0.0,0.3,0.05,,,,200,20,1000,295,default,"[{""fold"": ""test=536"", ""k"": 5, ""src"": ""default"", ""thr"": 0.5}, {""fold"": ""test=BW"", ""k"": 5, ""src"": ""default"", ""thr"": 0.5}]",2.66,"one culture per strain x analyte: no grouped inner CV, default hyperparameters"
T1,native,loso,test=BW,analyte,F3,knn,bal_acc,0.225,0.0769,0.3636,0.05,,,,390,20,1000,295,default,"[{""fold"": ""test=536"", ""k"": 5, ""src"": ""default"", ""thr"": 0.5}, {""fold"": ""test=BW"", ""k"": 5, ""src"": ""default"", ""thr"": 0.5}]",2.66,"one culture per strain x analyte: no grouped inner CV, default hyperparameters"
T1,native,loso,test=BW,analyte,F3,knn,macro_f1,0.1733,0.0436,0.3056,,,,,390,20,1000,295,default,"[{""fold"": ""test=536"", ""k"": 5, ""src"": ""default"", ""thr"": 0.5}, {""fold"": ""test=BW"", ""k"": 5, ""src"": ""default"", ""thr"": 0.5}]",2.66,"one culture per strain x analyte: no grouped inner CV, default hyperparameters"
T1,native,loso,test=BW,analyte,F3,knn,accuracy,0.2051,0.0488,0.3947,0.1026,,,,390,20,1000,295,default,"[{""fold"": ""test=536"", ""k"": 5, ""src"": ""default"", ""thr"": 0.5}, {""fold"": ""test=BW"", ""k"": 5, ""src"": ""default"", ""thr"": 0.5}]",2.66,"one culture per strain x analyte: no grouped inner CV, default hyperparameters"
T1,native,step1_split,all,analyte,F1,majority,bal_acc,0.0,0.0,0.0,0.05,,,,210,13,1000,380,fixed,"[{""fold"": ""step1"", ""src"": ""fixed"", ""thr"": 0.5}]",0.78,the split in sers_records.jsonl; test cells cover 13/20 analytes
T1,native,step1_split,all,analyte,F1,majority,macro_f1,0.0,0.0,0.0,,,,,210,13,1000,380,fixed,"[{""fold"": ""step1"", ""src"": ""fixed"", ""thr"": 0.5}]",0.78,the split in sers_records.jsonl; test cells cover 13/20 analytes
T1,native,step1_split,all,analyte,F1,majority,accuracy,0.0,0.0,0.0,0.1905,,,,210,13,1000,380,fixed,"[{""fold"": ""step1"", ""src"": ""fixed"", ""thr"": 0.5}]",0.78,the split in sers_records.jsonl; test cells cover 13/20 analytes
T1,native,step1_split,all,analyte,F1,lr,bal_acc,0.0231,0.0,0.0429,0.05,0.5355,1000,0.0417,210,13,1000,380,default,"[{""fold"": ""step1"", ""C"": 0.1, ""src"": ""default"", ""thr"": 0.5}]",0.99,the split in sers_records.jsonl; test cells cover 13/20 analytes
T1,native,step1_split,all,analyte,F1,lr,macro_f1,0.0355,0.0,0.0659,,,,,210,13,1000,380,default,"[{""fold"": ""step1"", ""C"": 0.1, ""src"": ""default"", ""thr"": 0.5}]",0.99,the split in sers_records.jsonl; test cells cover 13/20 analytes
T1,native,step1_split,all,analyte,F1,lr,accuracy,0.0143,0.0,0.0529,0.1905,,,,210,13,1000,380,default,"[{""fold"": ""step1"", ""C"": 0.1, ""src"": ""default"", ""thr"": 0.5}]",0.99,the split in sers_records.jsonl; test cells cover 13/20 analytes
T1,native,step1_split,all,analyte,F1,hgb,bal_acc,0.0231,0.0,0.0429,0.05,,,,210,13,1000,380,fixed,"[{""fold"": ""step1"", ""src"": ""fixed"", ""thr"": 0.5}]",3.2,the split in sers_records.jsonl; test cells cover 13/20 analytes
T1,native,step1_split,all,analyte,F1,hgb,macro_f1,0.0269,0.0,0.0655,,,,,210,13,1000,380,fixed,"[{""fold"": ""step1"", ""src"": ""fixed"", ""thr"": 0.5}]",3.2,the split in sers_records.jsonl; test cells cover 13/20 analytes
T1,native,step1_split,all,analyte,F1,hgb,accuracy,0.0143,0.0,0.0437,0.1905,,,,210,13,1000,380,fixed,"[{""fold"": ""step1"", ""src"": ""fixed"", ""thr"": 0.5}]",3.2,the split in sers_records.jsonl; test cells cover 13/20 analytes
T1,native,step1_split,all,analyte,F1,knn,bal_acc,0.0538,0.0,0.1,0.05,,,,210,13,1000,380,default,"[{""fold"": ""step1"", ""k"": 5, ""src"": ""default"", ""thr"": 0.5}]",0.81,the split in sers_records.jsonl; test cells cover 13/20 analytes
T1,native,step1_split,all,analyte,F1,knn,macro_f1,0.0628,0.0,0.1319,,,,,210,13,1000,380,default,"[{""fold"": ""step1"", ""k"": 5, ""src"": ""default"", ""thr"": 0.5}]",0.81,the split in sers_records.jsonl; test cells cover 13/20 analytes
T1,native,step1_split,all,analyte,F1,knn,accuracy,0.0333,0.0,0.0883,0.1905,,,,210,13,1000,380,default,"[{""fold"": ""step1"", ""k"": 5, ""src"": ""default"", ""thr"": 0.5}]",0.81,the split in sers_records.jsonl; test cells cover 13/20 analytes
T1,native,step1_split,all,analyte,F1pos,majority,bal_acc,0.0,0.0,0.0,0.05,,,,210,13,1000,380,fixed,"[{""fold"": ""step1"", ""src"": ""fixed"", ""thr"": 0.5}]",0.82,the split in sers_records.jsonl; test cells cover 13/20 analytes
T1,native,step1_split,all,analyte,F1pos,majority,macro_f1,0.0,0.0,0.0,,,,,210,13,1000,380,fixed,"[{""fold"": ""step1"", ""src"": ""fixed"", ""thr"": 0.5}]",0.82,the split in sers_records.jsonl; test cells cover 13/20 analytes
T1,native,step1_split,all,analyte,F1pos,majority,accuracy,0.0,0.0,0.0,0.1905,,,,210,13,1000,380,fixed,"[{""fold"": ""step1"", ""src"": ""fixed"", ""thr"": 0.5}]",0.82,the split in sers_records.jsonl; test cells cover 13/20 analytes
T1,native,step1_split,all,analyte,F1pos,lr,bal_acc,0.0308,0.0,0.0571,0.05,,,,210,13,1000,380,default,"[{""fold"": ""step1"", ""C"": 0.1, ""src"": ""default"", ""thr"": 0.5}]",0.85,the split in sers_records.jsonl; test cells cover 13/20 analytes
T1,native,step1_split,all,analyte,F1pos,lr,macro_f1,0.0536,0.0,0.0996,,,,,210,13,1000,380,default,"[{""fold"": ""step1"", ""C"": 0.1, ""src"": ""default"", ""thr"": 0.5}]",0.85,the split in sers_records.jsonl; test cells cover 13/20 analytes
T1,native,step1_split,all,analyte,F1pos,lr,accuracy,0.0238,0.0,0.0556,0.1905,,,,210,13,1000,380,default,"[{""fold"": ""step1"", ""C"": 0.1, ""src"": ""default"", ""thr"": 0.5}]",0.85,the split in sers_records.jsonl; test cells cover 13/20 analytes
T1,native,step1_split,all,analyte,F1pos,hgb,bal_acc,0.0077,0.0,0.0143,0.05,,,,210,13,1000,380,fixed,"[{""fold"": ""step1"", ""src"": ""fixed"", ""thr"": 0.5}]",3.89,the split in sers_records.jsonl; test cells cover 13/20 analytes
T1,native,step1_split,all,analyte,F1pos,hgb,macro_f1,0.0128,0.0,0.026,,,,,210,13,1000,380,fixed,"[{""fold"": ""step1"", ""src"": ""fixed"", ""thr"": 0.5}]",3.89,the split in sers_records.jsonl; test cells cover 13/20 analytes
T1,native,step1_split,all,analyte,F1pos,hgb,accuracy,0.0048,0.0,0.0174,0.1905,,,,210,13,1000,380,fixed,"[{""fold"": ""step1"", ""src"": ""fixed"", ""thr"": 0.5}]",3.89,the split in sers_records.jsonl; test cells cover 13/20 analytes
T1,native,step1_split,all,analyte,F1pos,knn,bal_acc,0.0231,0.0063,0.0375,0.05,,,,210,13,1000,380,default,"[{""fold"": ""step1"", ""k"": 5, ""src"": ""default"", ""thr"": 0.5}]",0.84,the split in sers_records.jsonl; test cells cover 13/20 analytes
T1,native,step1_split,all,analyte,F1pos,knn,macro_f1,0.034,0.0114,0.0607,,,,,210,13,1000,380,default,"[{""fold"": ""step1"", ""k"": 5, ""src"": ""default"", ""thr"": 0.5}]",0.84,the split in sers_records.jsonl; test cells cover 13/20 analytes
T1,native,step1_split,all,analyte,F1pos,knn,accuracy,0.0238,0.0053,0.0417,0.1905,,,,210,13,1000,380,default,"[{""fold"": ""step1"", ""k"": 5, ""src"": ""default"", ""thr"": 0.5}]",0.84,the split in sers_records.jsonl; test cells cover 13/20 analytes
T1,native,step1_split,all,analyte,F2,majority,bal_acc,0.0,0.0,0.0,0.05,,,,210,13,1000,380,fixed,"[{""fold"": ""step1"", ""src"": ""fixed"", ""thr"": 0.5}]",0.75,the split in sers_records.jsonl; test cells cover 13/20 analytes
T1,native,step1_split,all,analyte,F2,majority,macro_f1,0.0,0.0,0.0,,,,,210,13,1000,380,fixed,"[{""fold"": ""step1"", ""src"": ""fixed"", ""thr"": 0.5}]",0.75,the split in sers_records.jsonl; test cells cover 13/20 analytes
T1,native,step1_split,all,analyte,F2,majority,accuracy,0.0,0.0,0.0,0.1905,,,,210,13,1000,380,fixed,"[{""fold"": ""step1"", ""src"": ""fixed"", ""thr"": 0.5}]",0.75,the split in sers_records.jsonl; test cells cover 13/20 analytes
T1,native,step1_split,all,analyte,F2,lr,bal_acc,0.0615,0.0,0.1143,0.05,,,,210,13,1000,380,default,"[{""fold"": ""step1"", ""C"": 0.1, ""src"": ""default"", ""thr"": 0.5}]",1.71,the split in sers_records.jsonl; test cells cover 13/20 analytes
T1,native,step1_split,all,analyte,F2,lr,macro_f1,0.0762,0.0,0.1418,,,,,210,13,1000,380,default,"[{""fold"": ""step1"", ""C"": 0.1, ""src"": ""default"", ""thr"": 0.5}]",1.71,the split in sers_records.jsonl; test cells cover 13/20 analytes
T1,native,step1_split,all,analyte,F2,lr,accuracy,0.0381,0.0,0.1167,0.1905,,,,210,13,1000,380,default,"[{""fold"": ""step1"", ""C"": 0.1, ""src"": ""default"", ""thr"": 0.5}]",1.71,the split in sers_records.jsonl; test cells cover 13/20 analytes
T1,native,step1_split,all,analyte,F2,hgb,bal_acc,0.1,0.0125,0.1626,0.05,,,,210,13,1000,380,fixed,"[{""fold"": ""step1"", ""src"": ""fixed"", ""thr"": 0.5}]",21.9,the split in sers_records.jsonl; test cells cover 13/20 analytes
T1,native,step1_split,all,analyte,F2,hgb,macro_f1,0.0907,0.015,0.1945,,,,,210,13,1000,380,fixed,"[{""fold"": ""step1"", ""src"": ""fixed"", ""thr"": 0.5}]",21.9,the split in sers_records.jsonl; test cells cover 13/20 analytes
T1,native,step1_split,all,analyte,F2,hgb,accuracy,0.0619,0.0048,0.15,0.1905,,,,210,13,1000,380,fixed,"[{""fold"": ""step1"", ""src"": ""fixed"", ""thr"": 0.5}]",21.9,the split in sers_records.jsonl; test cells cover 13/20 analytes
T1,native,step1_split,all,analyte,F2,knn,bal_acc,0.1,0.0,0.1857,0.05,,,,210,13,1000,380,default,"[{""fold"": ""step1"", ""k"": 5, ""src"": ""default"", ""thr"": 0.5}]",0.78,the split in sers_records.jsonl; test cells cover 13/20 analytes
T1,native,step1_split,all,analyte,F2,knn,macro_f1,0.1107,0.0,0.2029,,,,,210,13,1000,380,default,"[{""fold"": ""step1"", ""k"": 5, ""src"": ""default"", ""thr"": 0.5}]",0.78,the split in sers_records.jsonl; test cells cover 13/20 analytes
T1,native,step1_split,all,analyte,F2,knn,accuracy,0.0619,0.0,0.2,0.1905,,,,210,13,1000,380,default,"[{""fold"": ""step1"", ""k"": 5, ""src"": ""default"", ""thr"": 0.5}]",0.78,the split in sers_records.jsonl; test cells cover 13/20 analytes
T1,native,step1_split,all,analyte,F3,majority,bal_acc,0.0,0.0,0.0,0.05,,,,210,13,1000,380,fixed,"[{""fold"": ""step1"", ""src"": ""fixed"", ""thr"": 0.5}]",0.75,the split in sers_records.jsonl; test cells cover 13/20 analytes
T1,native,step1_split,all,analyte,F3,majority,macro_f1,0.0,0.0,0.0,,,,,210,13,1000,380,fixed,"[{""fold"": ""step1"", ""src"": ""fixed"", ""thr"": 0.5}]",0.75,the split in sers_records.jsonl; test cells cover 13/20 analytes
T1,native,step1_split,all,analyte,F3,majority,accuracy,0.0,0.0,0.0,0.1905,,,,210,13,1000,380,fixed,"[{""fold"": ""step1"", ""src"": ""fixed"", ""thr"": 0.5}]",0.75,the split in sers_records.jsonl; test cells cover 13/20 analytes
T1,native,step1_split,all,analyte,F3,lr,bal_acc,0.0692,0.0,0.1286,0.05,,,,210,13,1000,380,default,"[{""fold"": ""step1"", ""C"": 0.1, ""src"": ""default"", ""thr"": 0.5}]",1.47,the split in sers_records.jsonl; test cells cover 13/20 analytes
T1,native,step1_split,all,analyte,F3,lr,macro_f1,0.0755,0.0,0.1463,,,,,210,13,1000,380,default,"[{""fold"": ""step1"", ""C"": 0.1, ""src"": ""default"", ""thr"": 0.5}]",1.47,the split in sers_records.jsonl; test cells cover 13/20 analytes
T1,native,step1_split,all,analyte,F3,lr,accuracy,0.0429,0.0,0.1422,0.1905,,,,210,13,1000,380,default,"[{""fold"": ""step1"", ""C"": 0.1, ""src"": ""default"", ""thr"": 0.5}]",1.47,the split in sers_records.jsonl; test cells cover 13/20 analytes
T1,native,step1_split,all,analyte,F3,hgb,bal_acc,0.0692,0.0,0.1286,0.05,,,,210,13,1000,380,fixed,"[{""fold"": ""step1"", ""src"": ""fixed"", ""thr"": 0.5}]",18.7,the split in sers_records.jsonl; test cells cover 13/20 analytes
T1,native,step1_split,all,analyte,F3,hgb,macro_f1,0.0391,0.0,0.1305,,,,,210,13,1000,380,fixed,"[{""fold"": ""step1"", ""src"": ""fixed"", ""thr"": 0.5}]",18.7,the split in sers_records.jsonl; test cells cover 13/20 analytes
T1,native,step1_split,all,analyte,F3,hgb,accuracy,0.0429,0.0,0.1211,0.1905,,,,210,13,1000,380,fixed,"[{""fold"": ""step1"", ""src"": ""fixed"", ""thr"": 0.5}]",18.7,the split in sers_records.jsonl; test cells cover 13/20 analytes
T1,native,step1_split,all,analyte,F3,knn,bal_acc,0.1769,0.0,0.3286,0.05,0.014,1000,0.0354,210,13,1000,380,default,"[{""fold"": ""step1"", ""k"": 5, ""src"": ""default"", ""thr"": 0.5}]",0.8,the split in sers_records.jsonl; test cells cover 13/20 analytes
T1,native,step1_split,all,analyte,F3,knn,macro_f1,0.1452,0.0,0.2891,,,,,210,13,1000,380,default,"[{""fold"": ""step1"", ""k"": 5, ""src"": ""default"", ""thr"": 0.5}]",0.8,the split in sers_records.jsonl; test cells cover 13/20 analytes
T1,native,step1_split,all,analyte,F3,knn,accuracy,0.1095,0.0,0.2867,0.1905,,,,210,13,1000,380,default,"[{""fold"": ""step1"", ""k"": 5, ""src"": ""default"", ""thr"": 0.5}]",0.8,the split in sers_records.jsonl; test cells cover 13/20 analytes
T1,native,cells_to_standards,all,analyte,F1,majority,bal_acc,0.05,0.0,0.1,0.05,,,,20,20,1000,590,fixed,"[{""fold"": ""cells->standards"", ""src"": ""fixed"", ""thr"": 0.5}]",0.4,"train: all cultures; test: pure standards (different matrix, no cells)"
T1,native,cells_to_standards,all,analyte,F1,majority,macro_f1,0.0048,0.0,0.0237,,,,,20,20,1000,590,fixed,"[{""fold"": ""cells->standards"", ""src"": ""fixed"", ""thr"": 0.5}]",0.4,"train: all cultures; test: pure standards (different matrix, no cells)"
T1,native,cells_to_standards,all,analyte,F1,majority,accuracy,0.05,0.0,0.15,0.05,,,,20,20,1000,590,fixed,"[{""fold"": ""cells->standards"", ""src"": ""fixed"", ""thr"": 0.5}]",0.4,"train: all cultures; test: pure standards (different matrix, no cells)"
T1,native,cells_to_standards,all,analyte,F1,lr,bal_acc,0.2,0.0769,0.3333,0.05,0.01,1000,0.0485,20,20,1000,590,default,"[{""fold"": ""cells->standards"", ""C"": 0.1, ""src"": ""default"", ""thr"": 0.5}]",0.73,"train: all cultures; test: pure standards (different matrix, no cells)"
T1,native,cells_to_standards,all,analyte,F1,lr,macro_f1,0.1325,0.0238,0.2583,,,,,20,20,1000,590,default,"[{""fold"": ""cells->standards"", ""C"": 0.1, ""src"": ""default"", ""thr"": 0.5}]",0.73,"train: all cultures; test: pure standards (different matrix, no cells)"
T1,native,cells_to_standards,all,analyte,F1,lr,accuracy,0.2,0.05,0.4,0.05,,,,20,20,1000,590,default,"[{""fold"": ""cells->standards"", ""C"": 0.1, ""src"": ""default"", ""thr"": 0.5}]",0.73,"train: all cultures; test: pure standards (different matrix, no cells)"
T1,native,cells_to_standards,all,analyte,F1,hgb,bal_acc,0.25,0.0833,0.3846,0.05,,,,20,20,1000,590,fixed,"[{""fold"": ""cells->standards"", ""src"": ""fixed"", ""thr"": 0.5}]",4.66,"train: all cultures; test: pure standards (different matrix, no cells)"
T1,native,cells_to_standards,all,analyte,F1,hgb,macro_f1,0.156,0.0454,0.3092,,,,,20,20,1000,590,fixed,"[{""fold"": ""cells->standards"", ""src"": ""fixed"", ""thr"": 0.5}]",4.66,"train: all cultures; test: pure standards (different matrix, no cells)"
T1,native,cells_to_standards,all,analyte,F1,hgb,accuracy,0.25,0.05,0.45,0.05,,,,20,20,1000,590,fixed,"[{""fold"": ""cells->standards"", ""src"": ""fixed"", ""thr"": 0.5}]",4.66,"train: all cultures; test: pure standards (different matrix, no cells)"
T1,native,cells_to_standards,all,analyte,F1,knn,bal_acc,0.1,0.0,0.1818,0.05,,,,20,20,1000,590,default,"[{""fold"": ""cells->standards"", ""k"": 5, ""src"": ""default"", ""thr"": 0.5}]",0.45,"train: all cultures; test: pure standards (different matrix, no cells)"
T1,native,cells_to_standards,all,analyte,F1,knn,macro_f1,0.0833,0.0,0.1818,,,,,20,20,1000,590,default,"[{""fold"": ""cells->standards"", ""k"": 5, ""src"": ""default"", ""thr"": 0.5}]",0.45,"train: all cultures; test: pure standards (different matrix, no cells)"
T1,native,cells_to_standards,all,analyte,F1,knn,accuracy,0.1,0.0,0.25,0.05,,,,20,20,1000,590,default,"[{""fold"": ""cells->standards"", ""k"": 5, ""src"": ""default"", ""thr"": 0.5}]",0.45,"train: all cultures; test: pure standards (different matrix, no cells)"
T1,native,cells_to_standards,all,analyte,F1pos,majority,bal_acc,0.05,0.0,0.1,0.05,,,,20,20,1000,590,fixed,"[{""fold"": ""cells->standards"", ""src"": ""fixed"", ""thr"": 0.5}]",0.44,"train: all cultures; test: pure standards (different matrix, no cells)"
T1,native,cells_to_standards,all,analyte,F1pos,majority,macro_f1,0.0048,0.0,0.0237,,,,,20,20,1000,590,fixed,"[{""fold"": ""cells->standards"", ""src"": ""fixed"", ""thr"": 0.5}]",0.44,"train: all cultures; test: pure standards (different matrix, no cells)"
T1,native,cells_to_standards,all,analyte,F1pos,majority,accuracy,0.05,0.0,0.15,0.05,,,,20,20,1000,590,fixed,"[{""fold"": ""cells->standards"", ""src"": ""fixed"", ""thr"": 0.5}]",0.44,"train: all cultures; test: pure standards (different matrix, no cells)"
T1,native,cells_to_standards,all,analyte,F1pos,lr,bal_acc,0.1,0.0,0.1818,0.05,,,,20,20,1000,590,default,"[{""fold"": ""cells->standards"", ""C"": 0.1, ""src"": ""default"", ""thr"": 0.5}]",0.52,"train: all cultures; test: pure standards (different matrix, no cells)"
T1,native,cells_to_standards,all,analyte,F1pos,lr,macro_f1,0.1,0.0,0.1818,,,,,20,20,1000,590,default,"[{""fold"": ""cells->standards"", ""C"": 0.1, ""src"": ""default"", ""thr"": 0.5}]",0.52,"train: all cultures; test: pure standards (different matrix, no cells)"
T1,native,cells_to_standards,all,analyte,F1pos,lr,accuracy,0.1,0.0,0.25,0.05,,,,20,20,1000,590,default,"[{""fold"": ""cells->standards"", ""C"": 0.1, ""src"": ""default"", ""thr"": 0.5}]",0.52,"train: all cultures; test: pure standards (different matrix, no cells)"
T1,native,cells_to_standards,all,analyte,F1pos,hgb,bal_acc,0.15,0.0,0.25,0.05,,,,20,20,1000,590,fixed,"[{""fold"": ""cells->standards"", ""src"": ""fixed"", ""thr"": 0.5}]",5.55,"train: all cultures; test: pure standards (different matrix, no cells)"
T1,native,cells_to_standards,all,analyte,F1pos,hgb,macro_f1,0.065,0.0,0.1667,,,,,20,20,1000,590,fixed,"[{""fold"": ""cells->standards"", ""src"": ""fixed"", ""thr"": 0.5}]",5.55,"train: all cultures; test: pure standards (different matrix, no cells)"
T1,native,cells_to_standards,all,analyte,F1pos,hgb,accuracy,0.15,0.0,0.3,0.05,,,,20,20,1000,590,fixed,"[{""fold"": ""cells->standards"", ""src"": ""fixed"", ""thr"": 0.5}]",5.55,"train: all cultures; test: pure standards (different matrix, no cells)"
T1,native,cells_to_standards,all,analyte,F1pos,knn,bal_acc,0.05,0.0,0.1,0.05,,,,20,20,1000,590,default,"[{""fold"": ""cells->standards"", ""k"": 5, ""src"": ""default"", ""thr"": 0.5}]",0.42,"train: all cultures; test: pure standards (different matrix, no cells)"
T1,native,cells_to_standards,all,analyte,F1pos,knn,macro_f1,0.0333,0.0,0.0909,,,,,20,20,1000,590,default,"[{""fold"": ""cells->standards"", ""k"": 5, ""src"": ""default"", ""thr"": 0.5}]",0.42,"train: all cultures; test: pure standards (different matrix, no cells)"
T1,native,cells_to_standards,all,analyte,F1pos,knn,accuracy,0.05,0.0,0.15,0.05,,,,20,20,1000,590,default,"[{""fold"": ""cells->standards"", ""k"": 5, ""src"": ""default"", ""thr"": 0.5}]",0.42,"train: all cultures; test: pure standards (different matrix, no cells)"
T1,native,cells_to_standards,all,analyte,F2,majority,bal_acc,0.05,0.0,0.1,0.05,,,,20,20,1000,590,fixed,"[{""fold"": ""cells->standards"", ""src"": ""fixed"", ""thr"": 0.5}]",0.57,"train: all cultures; test: pure standards (different matrix, no cells)"
T1,native,cells_to_standards,all,analyte,F2,majority,macro_f1,0.0048,0.0,0.0237,,,,,20,20,1000,590,fixed,"[{""fold"": ""cells->standards"", ""src"": ""fixed"", ""thr"": 0.5}]",0.57,"train: all cultures; test: pure standards (different matrix, no cells)"
T1,native,cells_to_standards,all,analyte,F2,majority,accuracy,0.05,0.0,0.15,0.05,,,,20,20,1000,590,fixed,"[{""fold"": ""cells->standards"", ""src"": ""fixed"", ""thr"": 0.5}]",0.57,"train: all cultures; test: pure standards (different matrix, no cells)"
T1,native,cells_to_standards,all,analyte,F2,lr,bal_acc,0.2,0.0769,0.3333,0.05,,,,20,20,1000,590,default,"[{""fold"": ""cells->standards"", ""C"": 0.1, ""src"": ""default"", ""thr"": 0.5}]",1.62,"train: all cultures; test: pure standards (different matrix, no cells)"
T1,native,cells_to_standards,all,analyte,F2,lr,macro_f1,0.1233,0.0333,0.264,,,,,20,20,1000,590,default,"[{""fold"": ""cells->standards"", ""C"": 0.1, ""src"": ""default"", ""thr"": 0.5}]",1.62,"train: all cultures; test: pure standards (different matrix, no cells)"
T1,native,cells_to_standards,all,analyte,F2,lr,accuracy,0.2,0.05,0.4,0.05,,,,20,20,1000,590,default,"[{""fold"": ""cells->standards"", ""C"": 0.1, ""src"": ""default"", ""thr"": 0.5}]",1.62,"train: all cultures; test: pure standards (different matrix, no cells)"
T1,native,cells_to_standards,all,analyte,F2,hgb,bal_acc,0.15,0.0,0.25,0.05,,,,20,20,1000,590,fixed,"[{""fold"": ""cells->standards"", ""src"": ""fixed"", ""thr"": 0.5}]",40.56,"train: all cultures; test: pure standards (different matrix, no cells)"
T1,native,cells_to_standards,all,analyte,F2,hgb,macro_f1,0.0674,0.0,0.1775,,,,,20,20,1000,590,fixed,"[{""fold"": ""cells->standards"", ""src"": ""fixed"", ""thr"": 0.5}]",40.56,"train: all cultures; test: pure standards (different matrix, no cells)"
T1,native,cells_to_standards,all,analyte,F2,hgb,accuracy,0.15,0.0,0.3,0.05,,,,20,20,1000,590,fixed,"[{""fold"": ""cells->standards"", ""src"": ""fixed"", ""thr"": 0.5}]",40.56,"train: all cultures; test: pure standards (different matrix, no cells)"
T1,native,cells_to_standards,all,analyte,F2,knn,bal_acc,0.2,0.0769,0.3333,0.05,,,,20,20,1000,590,default,"[{""fold"": ""cells->standards"", ""k"": 5, ""src"": ""default"", ""thr"": 0.5}]",0.36,"train: all cultures; test: pure standards (different matrix, no cells)"
T1,native,cells_to_standards,all,analyte,F2,knn,macro_f1,0.131,0.0354,0.2667,,,,,20,20,1000,590,default,"[{""fold"": ""cells->standards"", ""k"": 5, ""src"": ""default"", ""thr"": 0.5}]",0.36,"train: all cultures; test: pure standards (different matrix, no cells)"
T1,native,cells_to_standards,all,analyte,F2,knn,accuracy,0.2,0.05,0.4,0.05,,,,20,20,1000,590,default,"[{""fold"": ""cells->standards"", ""k"": 5, ""src"": ""default"", ""thr"": 0.5}]",0.36,"train: all cultures; test: pure standards (different matrix, no cells)"
T1,native,cells_to_standards,all,analyte,F3,majority,bal_acc,0.05,0.0,0.1,0.05,,,,20,20,1000,590,fixed,"[{""fold"": ""cells->standards"", ""src"": ""fixed"", ""thr"": 0.5}]",0.36,"train: all cultures; test: pure standards (different matrix, no cells)"
T1,native,cells_to_standards,all,analyte,F3,majority,macro_f1,0.0048,0.0,0.0237,,,,,20,20,1000,590,fixed,"[{""fold"": ""cells->standards"", ""src"": ""fixed"", ""thr"": 0.5}]",0.36,"train: all cultures; test: pure standards (different matrix, no cells)"
T1,native,cells_to_standards,all,analyte,F3,majority,accuracy,0.05,0.0,0.15,0.05,,,,20,20,1000,590,fixed,"[{""fold"": ""cells->standards"", ""src"": ""fixed"", ""thr"": 0.5}]",0.36,"train: all cultures; test: pure standards (different matrix, no cells)"
T1,native,cells_to_standards,all,analyte,F3,lr,bal_acc,0.35,0.1818,0.5,0.05,0.0011,902,0.0512,20,20,1000,590,default,"[{""fold"": ""cells->standards"", ""C"": 0.1, ""src"": ""default"", ""thr"": 0.5}]",1.05,"train: all cultures; test: pure standards (different matrix, no cells)"
T1,native,cells_to_standards,all,analyte,F3,lr,macro_f1,0.295,0.1515,0.4643,,,,,20,20,1000,590,default,"[{""fold"": ""cells->standards"", ""C"": 0.1, ""src"": ""default"", ""thr"": 0.5}]",1.05,"train: all cultures; test: pure standards (different matrix, no cells)"
T1,native,cells_to_standards,all,analyte,F3,lr,accuracy,0.35,0.15,0.55,0.05,,,,20,20,1000,590,default,"[{""fold"": ""cells->standards"", ""C"": 0.1, ""src"": ""default"", ""thr"": 0.5}]",1.05,"train: all cultures; test: pure standards (different matrix, no cells)"
T1,native,cells_to_standards,all,analyte,F3,hgb,bal_acc,0.25,0.0833,0.3846,0.05,,,,20,20,1000,590,fixed,"[{""fold"": ""cells->standards"", ""src"": ""fixed"", ""thr"": 0.5}]",36.19,"train: all cultures; test: pure standards (different matrix, no cells)"
T1,native,cells_to_standards,all,analyte,F3,hgb,macro_f1,0.2167,0.0769,0.3636,,,,,20,20,1000,590,fixed,"[{""fold"": ""cells->standards"", ""src"": ""fixed"", ""thr"": 0.5}]",36.19,"train: all cultures; test: pure standards (different matrix, no cells)"
T1,native,cells_to_standards,all,analyte,F3,hgb,accuracy,0.25,0.0988,0.45,0.05,,,,20,20,1000,590,fixed,"[{""fold"": ""cells->standards"", ""src"": ""fixed"", ""thr"": 0.5}]",36.19,"train: all cultures; test: pure standards (different matrix, no cells)"
T1,native,cells_to_standards,all,analyte,F3,knn,bal_acc,0.2,0.0714,0.3333,0.05,,,,20,20,1000,590,default,"[{""fold"": ""cells->standards"", ""k"": 5, ""src"": ""default"", ""thr"": 0.5}]",0.32,"train: all cultures; test: pure standards (different matrix, no cells)"
T1,native,cells_to_standards,all,analyte,F3,knn,macro_f1,0.1125,0.0178,0.2421,,,,,20,20,1000,590,default,"[{""fold"": ""cells->standards"", ""k"": 5, ""src"": ""default"", ""thr"": 0.5}]",0.32,"train: all cultures; test: pure standards (different matrix, no cells)"
T1,native,cells_to_standards,all,analyte,F3,knn,accuracy,0.2,0.05,0.4,0.05,,,,20,20,1000,590,default,"[{""fold"": ""cells->standards"", ""k"": 5, ""src"": ""default"", ""thr"": 0.5}]",0.32,"train: all cultures; test: pure standards (different matrix, no cells)"
