true\pred,L-alanine,L-arginine,L-asparagine,L-aspartic acid,L-cysteine,L-glutamic acid,L-glutamine,L-glycine,L-histidine,L-isoleucine,L-leucine,L-lysine,L-methionine,L-phenylalanine,L-proline,L-serine,L-threonine,L-tryptophan,L-tyrosine,L-valine
L-alanine,0,0,0,0,0,0,0,0,0,0,0,0,0,0,0,0,0,0,0,0
L-arginine,0,0,0,0,0,0,0,0,0,0,0,0,0,0,0,0,9,0,0,1
L-asparagine,2,12,0,0,0,1,1,0,0,0,0,0,0,0,0,0,0,0,4,0
L-aspartic acid,0,0,0,0,0,0,0,0,0,0,0,0,0,0,0,0,0,0,0,0
L-cysteine,0,0,0,0,0,0,0,0,0,0,0,0,0,0,0,0,0,0,0,0
L-glutamic acid,0,0,0,10,0,0,0,0,0,0,0,0,0,0,0,0,0,0,0,0
L-glutamine,0,0,0,0,0,0,0,0,0,0,0,0,0,0,0,0,0,0,0,0
L-glycine,2,6,0,0,0,5,12,0,0,0,0,0,0,0,0,0,8,0,7,0
L-histidine,0,0,0,6,1,0,3,0,0,0,0,0,0,0,0,0,0,0,0,0
L-isoleucine,0,1,0,0,0,17,0,0,0,0,0,0,0,0,2,0,0,0,0,0
L-leucine,0,0,0,0,0,0,0,0,0,0,0,0,0,0,0,0,0,0,0,0
L-lysine,0,0,1,0,0,0,0,0,5,0,0,3,0,0,1,0,0,0,0,0
L-methionine,0,0,0,0,0,0,0,0,0,0,0,0,0,15,0,0,5,0,0,0
L-phenylalanine,0,0,0,18,0,0,0,0,2,0,0,0,0,0,0,0,0,0,0,0
L-proline,0,0,0,0,0,0,12,0,4,0,0,0,0,0,0,0,4,0,0,0
L-serine,2,3,3,1,0,1,0,0,0,0,0,0,0,0,0,0,0,0,0,0
L-threonine,0,0,0,0,0,0,1,0,0,1,0,0,0,0,8,0,0,0,0,0
L-tryptophan,0,0,0,0,0,0,0,0,0,0,7,0,0,0,0,0,0,0,3,0
L-tyrosine,0,0,0,0,0,0,0,0,0,0,0,0,0,0,0,0,0,0,0,0
L-valine,0,0,0,0,0,0,0,0,0,0,0,0,0,0,0,0,0,0,0,0
