label,n_pos_qm9s_train,n_pos_analytes,n_analytes,pos_analytes,used
fg_carboxylic_acid,0,18,18,L-alanine; L-arginine; L-aspartic acid; L-cysteine; L-glutamic acid; L-glutamine; L-glycine; L-histidine; L-isoleucine; L-leucine; L-lysine; L-methionine; L-proline; L-serine; L-threonine; L-tryptophan; L-tyrosine; L-valine,False
fg_primary_amine,205,17,18,L-alanine; L-arginine; L-aspartic acid; L-cysteine; L-glutamic acid; L-glutamine; L-glycine; L-histidine; L-isoleucine; L-leucine; L-lysine; L-methionine; L-serine; L-threonine; L-tryptophan; L-tyrosine; L-valine,True
fg_secondary_amine,938,1,18,L-proline,True
fg_amide,690,1,18,L-glutamine,True
fg_guanidine,171,1,18,L-arginine,True
fg_hydroxyl_aliphatic,2672,2,18,L-serine; L-threonine,True
fg_phenol,343,1,18,L-tyrosine,True
fg_thiol,0,1,18,L-cysteine,False
fg_thioether,0,1,18,L-methionine,False
fg_ketone,1020,0,18,,False
fg_aldehyde,945,0,18,,False
fg_ester,318,0,18,,False
fg_ether,3578,0,18,,False
fg_nitrile,1177,0,18,,False
fg_alkyne,1203,0,18,,False
fg_alkene,1118,0,18,,False
fg_fluoro,262,0,18,,False
fg_aromatic_ring,1814,3,18,L-histidine; L-tryptophan; L-tyrosine,True
fg_benzene_ring,190,2,18,L-tryptophan; L-tyrosine,True
fg_pyrrole_ring,188,1,18,L-tryptophan,True
fg_imidazole_ring,204,1,18,L-histidine,True
fg_indole,1,1,18,L-tryptophan,False
fg_lactam,463,0,18,,False
