method,position,layer,label,C,set,centred,auroc
baseline_lr,-,-1,fg_primary_amine,0.001,qm9s_val,0,0.7105
baseline_lr,-,-1,fg_primary_amine,0.001,R0,0,0.662
baseline_lr,-,-1,fg_primary_amine,0.001,R2,0,0.8824
baseline_lr,-,-1,fg_primary_amine,0.001,R2,1,0.8824
baseline_lr,-,-1,fg_primary_amine,0.001,R3,0,0.2353
baseline_lr,-,-1,fg_primary_amine,0.001,R3,1,0.2353
baseline_lr,-,-1,fg_primary_amine,0.001,R4,0,0.8824
baseline_lr,-,-1,fg_primary_amine,0.001,R4,1,0.8824
baseline_lr,-,-1,fg_primary_amine,0.001,R5,0,0.9412
baseline_lr,-,-1,fg_primary_amine,0.001,R5,1,0.9412
baseline_lr,-,-1,fg_primary_amine,0.001,R6,0,0.8824
baseline_lr,-,-1,fg_primary_amine,0.001,R6,1,0.8824
baseline_lr,-,-1,fg_primary_amine,0.001,R8,0,0.4118
baseline_lr,-,-1,fg_primary_amine,0.001,R8,1,0.4118
baseline_lr,-,-1,fg_primary_amine,0.001,R9,0,0.8235
baseline_lr,-,-1,fg_primary_amine,0.001,R9,1,0.8235
baseline_lr,-,-1,fg_secondary_amine,0.001,qm9s_val,0,0.7086
baseline_lr,-,-1,fg_secondary_amine,0.001,R0,0,0.7136
baseline_lr,-,-1,fg_secondary_amine,0.001,R2,0,0.2941
baseline_lr,-,-1,fg_secondary_amine,0.001,R2,1,0.2941
baseline_lr,-,-1,fg_secondary_amine,0.001,R3,0,0.8235
baseline_lr,-,-1,fg_secondary_amine,0.001,R3,1,0.8235
baseline_lr,-,-1,fg_secondary_amine,0.001,R4,0,1.0
baseline_lr,-,-1,fg_secondary_amine,0.001,R4,1,1.0
baseline_lr,-,-1,fg_secondary_amine,0.001,R5,0,0.8824
baseline_lr,-,-1,fg_secondary_amine,0.001,R5,1,0.8824
baseline_lr,-,-1,fg_secondary_amine,0.001,R6,0,0.7059
baseline_lr,-,-1,fg_secondary_amine,0.001,R6,1,0.7059
baseline_lr,-,-1,fg_secondary_amine,0.001,R8,0,0.8235
baseline_lr,-,-1,fg_secondary_amine,0.001,R8,1,0.8235
baseline_lr,-,-1,fg_secondary_amine,0.001,R9,0,0.4118
baseline_lr,-,-1,fg_secondary_amine,0.001,R9,1,0.4118
baseline_lr,-,-1,fg_amide,0.001,qm9s_val,0,0.7252
baseline_lr,-,-1,fg_amide,0.001,R0,0,0.7246
baseline_lr,-,-1,fg_amide,0.001,R2,0,1.0
baseline_lr,-,-1,fg_amide,0.001,R2,1,1.0
baseline_lr,-,-1,fg_amide,0.001,R3,0,0.2941
baseline_lr,-,-1,fg_amide,0.001,R3,1,0.2941
baseline_lr,-,-1,fg_amide,0.001,R4,0,1.0
baseline_lr,-,-1,fg_amide,0.001,R4,1,1.0
baseline_lr,-,-1,fg_amide,0.001,R5,0,0.9412
baseline_lr,-,-1,fg_amide,0.001,R5,1,0.9412
baseline_lr,-,-1,fg_amide,0.001,R6,0,0.9412
baseline_lr,-,-1,fg_amide,0.001,R6,1,0.9412
baseline_lr,-,-1,fg_amide,0.001,R8,0,0.7647
baseline_lr,-,-1,fg_amide,0.001,R8,1,0.7647
baseline_lr,-,-1,fg_amide,0.001,R9,0,0.4706
baseline_lr,-,-1,fg_amide,0.001,R9,1,0.4706
baseline_lr,-,-1,fg_guanidine,0.001,qm9s_val,0,0.9381
baseline_lr,-,-1,fg_guanidine,0.001,R0,0,0.9456
baseline_lr,-,-1,fg_guanidine,0.001,R2,0,1.0
baseline_lr,-,-1,fg_guanidine,0.001,R2,1,1.0
baseline_lr,-,-1,fg_guanidine,0.001,R3,0,0.2941
baseline_lr,-,-1,fg_guanidine,0.001,R3,1,0.2941
baseline_lr,-,-1,fg_guanidine,0.001,R4,0,0.0588
baseline_lr,-,-1,fg_guanidine,0.001,R4,1,0.0588
baseline_lr,-,-1,fg_guanidine,0.001,R5,0,0.2353
baseline_lr,-,-1,fg_guanidine,0.001,R5,1,0.2353
baseline_lr,-,-1,fg_guanidine,0.001,R6,0,0.5882
baseline_lr,-,-1,fg_guanidine,0.001,R6,1,0.5882
baseline_lr,-,-1,fg_guanidine,0.001,R8,0,0.4706
baseline_lr,-,-1,fg_guanidine,0.001,R8,1,0.4706
baseline_lr,-,-1,fg_guanidine,0.001,R9,0,0.7059
baseline_lr,-,-1,fg_guanidine,0.001,R9,1,0.7059
baseline_lr,-,-1,fg_hydroxyl_aliphatic,0.001,qm9s_val,0,0.6693
baseline_lr,-,-1,fg_hydroxyl_aliphatic,0.001,R0,0,0.6857
baseline_lr,-,-1,fg_hydroxyl_aliphatic,0.001,R2,0,0.8125
baseline_lr,-,-1,fg_hydroxyl_aliphatic,0.001,R2,1,0.8125
baseline_lr,-,-1,fg_hydroxyl_aliphatic,0.001,R3,0,0.6562
baseline_lr,-,-1,fg_hydroxyl_aliphatic,0.001,R3,1,0.6562
baseline_lr,-,-1,fg_hydroxyl_aliphatic,0.001,R4,0,0.75
baseline_lr,-,-1,fg_hydroxyl_aliphatic,0.001,R4,1,0.75
baseline_lr,-,-1,fg_hydroxyl_aliphatic,0.001,R5,0,0.75
baseline_lr,-,-1,fg_hydroxyl_aliphatic,0.001,R5,1,0.75
baseline_lr,-,-1,fg_hydroxyl_aliphatic,0.001,R6,0,0.6875
baseline_lr,-,-1,fg_hydroxyl_aliphatic,0.001,R6,1,0.6875
baseline_lr,-,-1,fg_hydroxyl_aliphatic,0.001,R8,0,0.3438
baseline_lr,-,-1,fg_hydroxyl_aliphatic,0.001,R8,1,0.3438
baseline_lr,-,-1,fg_hydroxyl_aliphatic,0.001,R9,0,0.5938
baseline_lr,-,-1,fg_hydroxyl_aliphatic,0.001,R9,1,0.5938
baseline_lr,-,-1,fg_phenol,0.001,qm9s_val,0,0.9347
baseline_lr,-,-1,fg_phenol,0.001,R0,0,0.9054
baseline_lr,-,-1,fg_phenol,0.001,R2,0,0.9412
baseline_lr,-,-1,fg_phenol,0.001,R2,1,0.9412
baseline_lr,-,-1,fg_phenol,0.001,R3,0,0.8824
baseline_lr,-,-1,fg_phenol,0.001,R3,1,0.8824
baseline_lr,-,-1,fg_phenol,0.001,R4,0,0.8235
baseline_lr,-,-1,fg_phenol,0.001,R4,1,0.8235
baseline_lr,-,-1,fg_phenol,0.001,R5,0,0.6471
baseline_lr,-,-1,fg_phenol,0.001,R5,1,0.6471
baseline_lr,-,-1,fg_phenol,0.001,R6,0,0.5294
baseline_lr,-,-1,fg_phenol,0.001,R6,1,0.5294
baseline_lr,-,-1,fg_phenol,0.001,R8,0,0.2353
baseline_lr,-,-1,fg_phenol,0.001,R8,1,0.2353
baseline_lr,-,-1,fg_phenol,0.001,R9,0,0.8824
baseline_lr,-,-1,fg_phenol,0.001,R9,1,0.8824
baseline_lr,-,-1,fg_aromatic_ring,0.001,qm9s_val,0,0.9609
baseline_lr,-,-1,fg_aromatic_ring,0.001,R0,0,0.9683
baseline_lr,-,-1,fg_aromatic_ring,0.001,R2,0,1.0
baseline_lr,-,-1,fg_aromatic_ring,0.001,R2,1,1.0
baseline_lr,-,-1,fg_aromatic_ring,0.001,R3,0,0.9556
baseline_lr,-,-1,fg_aromatic_ring,0.001,R3,1,0.9556
baseline_lr,-,-1,fg_aromatic_ring,0.001,R4,0,0.8889
baseline_lr,-,-1,fg_aromatic_ring,0.001,R4,1,0.8889
baseline_lr,-,-1,fg_aromatic_ring,0.001,R5,0,0.7556
baseline_lr,-,-1,fg_aromatic_ring,0.001,R5,1,0.7556
baseline_lr,-,-1,fg_aromatic_ring,0.001,R6,0,0.7778
baseline_lr,-,-1,fg_aromatic_ring,0.001,R6,1,0.7778
baseline_lr,-,-1,fg_aromatic_ring,0.001,R8,0,0.7778
baseline_lr,-,-1,fg_aromatic_ring,0.001,R8,1,0.7778
baseline_lr,-,-1,fg_aromatic_ring,0.001,R9,0,0.7333
baseline_lr,-,-1,fg_aromatic_ring,0.001,R9,1,0.7333
baseline_lr,-,-1,fg_benzene_ring,0.001,qm9s_val,0,0.9682
baseline_lr,-,-1,fg_benzene_ring,0.001,R0,0,0.9822
baseline_lr,-,-1,fg_benzene_ring,0.001,R2,0,1.0
baseline_lr,-,-1,fg_benzene_ring,0.001,R2,1,1.0
baseline_lr,-,-1,fg_benzene_ring,0.001,R3,0,0.9688
baseline_lr,-,-1,fg_benzene_ring,0.001,R3,1,0.9688
baseline_lr,-,-1,fg_benzene_ring,0.001,R4,0,0.8125
baseline_lr,-,-1,fg_benzene_ring,0.001,R4,1,0.8125
baseline_lr,-,-1,fg_benzene_ring,0.001,R5,0,0.8438
baseline_lr,-,-1,fg_benzene_ring,0.001,R5,1,0.8438
baseline_lr,-,-1,fg_benzene_ring,0.001,R6,0,0.8125
baseline_lr,-,-1,fg_benzene_ring,0.001,R6,1,0.8125
baseline_lr,-,-1,fg_benzene_ring,0.001,R8,0,0.5625
baseline_lr,-,-1,fg_benzene_ring,0.001,R8,1,0.5625
baseline_lr,-,-1,fg_benzene_ring,0.001,R9,0,0.5938
baseline_lr,-,-1,fg_benzene_ring,0.001,R9,1,0.5938
baseline_lr,-,-1,fg_pyrrole_ring,0.001,qm9s_val,0,0.9523
baseline_lr,-,-1,fg_pyrrole_ring,0.001,R0,0,0.9463
baseline_lr,-,-1,fg_pyrrole_ring,0.001,R2,0,1.0
baseline_lr,-,-1,fg_pyrrole_ring,0.001,R2,1,1.0
baseline_lr,-,-1,fg_pyrrole_ring,0.001,R3,0,1.0
baseline_lr,-,-1,fg_pyrrole_ring,0.001,R3,1,1.0
baseline_lr,-,-1,fg_pyrrole_ring,0.001,R4,0,1.0
baseline_lr,-,-1,fg_pyrrole_ring,0.001,R4,1,1.0
baseline_lr,-,-1,fg_pyrrole_ring,0.001,R5,0,1.0
baseline_lr,-,-1,fg_pyrrole_ring,0.001,R5,1,1.0
baseline_lr,-,-1,fg_pyrrole_ring,0.001,R6,0,1.0
baseline_lr,-,-1,fg_pyrrole_ring,0.001,R6,1,1.0
baseline_lr,-,-1,fg_pyrrole_ring,0.001,R8,0,1.0
baseline_lr,-,-1,fg_pyrrole_ring,0.001,R8,1,1.0
baseline_lr,-,-1,fg_pyrrole_ring,0.001,R9,0,0.9412
baseline_lr,-,-1,fg_pyrrole_ring,0.001,R9,1,0.9412
baseline_lr,-,-1,fg_imidazole_ring,0.001,qm9s_val,0,0.9296
baseline_lr,-,-1,fg_imidazole_ring,0.001,R0,0,0.9339
baseline_lr,-,-1,fg_imidazole_ring,0.001,R2,0,1.0
baseline_lr,-,-1,fg_imidazole_ring,0.001,R2,1,1.0
baseline_lr,-,-1,fg_imidazole_ring,0.001,R3,0,0.9412
baseline_lr,-,-1,fg_imidazole_ring,0.001,R3,1,0.9412
baseline_lr,-,-1,fg_imidazole_ring,0.001,R4,0,1.0
baseline_lr,-,-1,fg_imidazole_ring,0.001,R4,1,1.0
baseline_lr,-,-1,fg_imidazole_ring,0.001,R5,0,1.0
baseline_lr,-,-1,fg_imidazole_ring,0.001,R5,1,1.0
baseline_lr,-,-1,fg_imidazole_ring,0.001,R6,0,1.0
baseline_lr,-,-1,fg_imidazole_ring,0.001,R6,1,1.0
baseline_lr,-,-1,fg_imidazole_ring,0.001,R8,0,0.4706
baseline_lr,-,-1,fg_imidazole_ring,0.001,R8,1,0.4706
baseline_lr,-,-1,fg_imidazole_ring,0.001,R9,0,0.8824
baseline_lr,-,-1,fg_imidazole_ring,0.001,R9,1,0.8824
