a,b,rung,diff,ci_lo,ci_hi,n
probe_lr,baseline_lr,R2,-0.0528,-0.1579,0.0586,20
probe_lr,baseline_lr,R3,-0.1215,-0.2567,-0.0132,20
probe_lr,baseline_lr,R4,-0.0983,-0.3072,0.1354,20
probe_lr,baseline_lr,R5,-0.1831,-0.3268,-0.0526,20
probe_lr,baseline_lr,R6,-0.1728,-0.3534,-0.0283,20
probe_lr,baseline_lr,R8,-0.0426,-0.2557,0.1068,20
probe_lr,baseline_lr,R9,-0.0282,-0.2281,0.1389,20
probe_lr,random_lr,R2,0.1508,-0.0004,0.2764,20
probe_lr,random_lr,R3,-0.063,-0.1985,0.0821,20
probe_lr,random_lr,R4,0.0892,-0.022,0.1996,20
probe_lr,random_lr,R5,0.1328,-0.0667,0.2474,20
probe_lr,random_lr,R6,0.1021,-0.0262,0.2328,20
probe_lr,random_lr,R8,0.0544,-0.1004,0.2425,20
probe_lr,random_lr,R9,0.0951,-0.0816,0.2558,20
probe_lr,probe_mm,R2,0.1448,-0.0063,0.2861,20
probe_lr,probe_mm,R3,-0.0139,-0.1327,0.0933,20
probe_lr,probe_mm,R4,-0.0498,-0.2071,0.1341,20
probe_lr,probe_mm,R5,0.0557,-0.1905,0.2901,20
probe_lr,probe_mm,R6,-0.0477,-0.2201,0.1055,20
probe_lr,probe_mm,R8,0.1399,-0.1765,0.3755,20
probe_lr,probe_mm,R9,0.1032,-0.2188,0.4082,20
