rung,n_strings,peaks_median,peaks_p10,peaks_p90,intensity_median,frac_intensity_below_0.2,fwhm_median,fwhm_p10,fwhm_p90,frac_peaks_below_900,strongest_peak_median_cm,frac_strongest_below_900
R0 (QM9S),3000,14.0,9.0,17.0,0.26,0.367,19.0,12.0,29.0,0.269,1466.0,0.043
R1,9,9.0,5.6,13.2,0.295,0.338,19.0,14.9,24.0,0.225,1310.0,0.0
R1q,9,8.0,4.8,13.4,0.35,0.253,19.0,12.0,22.200000000000003,0.203,1130.0,0.111
R2,20,18.5,15.9,21.0,0.27,0.31,18.0,12.0,28.0,0.302,1506.5,0.1
R3,20,16.0,13.0,19.1,0.25,0.374,18.0,13.0,28.0,0.302,1605.5,0.05
R4,20,17.0,13.9,20.0,0.305,0.274,18.0,12.0,31.900000000000034,0.319,1433.0,0.15
R5,20,17.0,13.9,20.1,0.34,0.234,18.0,12.0,31.400000000000034,0.329,813.0,0.6
R6,20,16.0,13.8,18.0,0.26,0.354,18.0,13.0,30.0,0.342,804.0,0.75
R8,29,11.0,8.8,21.2,0.43,0.219,17.0,8.0,42.200000000000045,0.243,1286.0,0.414
R9,590,15.0,11.0,19.0,0.51,0.076,18.0,9.0,37.0,0.276,757.0,0.661
