id,group,has_ref,top_cm,top_counts,h829_rel,near_cm,near_off,near_prom_rel,r_good,verdict
CB_536_ala_1,CB_536_ala,False,823.0,2095.2,0.956,823.0,-6.0,1.0224,0.931,shifted
CB_536_ala_2,CB_536_ala,False,823.0,2042.8,0.974,823.0,-6.0,1.0148,0.948,shifted
CB_536_ala_3,CB_536_ala,False,824.0,2100.1,0.986,824.0,-5.0,1.0171,0.95,shifted
CB_536_ala_4,CB_536_ala,False,824.0,2215.9,0.979,824.0,-5.0,1.0113,0.966,shifted
CB_536_ala_5,CB_536_ala,False,824.0,2197.3,0.991,824.0,-5.0,1.0136,0.976,shifted
CB_536_arg_1,CB_536_arg,False,824.0,2466.1,0.998,824.0,-5.0,1.0085,0.972,shifted
CB_536_arg_2,CB_536_arg,False,824.0,2363.4,0.999,824.0,-5.0,1.0161,0.972,shifted
CB_536_arg_3,CB_536_arg,True,825.0,2491.7,1.0,825.0,-4.0,1.0125,0.98,ok
CB_536_arg_4,CB_536_arg,True,825.0,2479.4,1.0,825.0,-4.0,1.0097,0.994,ok
CB_536_arg_5,CB_536_arg,True,825.0,2565.8,1.0,825.0,-4.0,1.0111,0.987,ok
CB_536_asn_1,CB_536_asn,True,825.0,2012.7,1.0,825.0,-4.0,1.0134,0.977,ok
CB_536_asn_2,CB_536_asn,False,824.0,2818.5,0.979,824.0,-5.0,1.0137,0.967,shifted
CB_536_asn_3,CB_536_asn,False,824.0,2748.0,0.979,824.0,-5.0,1.0172,0.97,shifted
CB_536_asn_4,CB_536_asn,False,824.0,2749.3,0.988,824.0,-5.0,1.0104,0.975,shifted
CB_536_asn_5,CB_536_asn,False,824.0,2682.9,0.991,824.0,-5.0,1.012,0.976,shifted
CB_536_asp_1,CB_536_asp,True,826.0,2709.4,1.0,826.0,-3.0,1.0134,0.991,ok
CB_536_asp_2,CB_536_asp,True,825.0,2763.4,1.0,825.0,-4.0,1.0105,0.989,ok
CB_536_asp_3,CB_536_asp,True,825.0,2737.8,1.0,825.0,-4.0,1.0143,0.99,ok
CB_536_asp_4,CB_536_asp,True,825.0,2684.5,1.0,825.0,-4.0,1.0124,0.99,ok
CB_536_asp_5,CB_536_asp,True,825.0,2783.0,1.0,825.0,-4.0,1.0173,0.992,ok
CB_536_ctrl_0,CB_536_ctrl,False,824.0,2516.9,0.98,824.0,-5.0,1.0135,0.958,shifted
CB_536_ctrl_1,CB_536_ctrl,False,824.0,2585.2,0.981,824.0,-5.0,1.0156,0.955,shifted
CB_536_ctrl_2,CB_536_ctrl,False,823.0,2460.4,0.97,823.0,-6.0,1.0101,0.955,shifted
CB_536_ctrl_3,CB_536_ctrl,False,824.0,2554.6,0.973,824.0,-5.0,1.0091,0.956,shifted
CB_536_ctrl_4,CB_536_ctrl,False,824.0,2606.7,0.988,824.0,-5.0,1.008,0.965,shifted
CB_536_cys_1,CB_536_cys,True,825.0,2332.3,1.0,825.0,-4.0,1.0084,0.989,ok
CB_536_cys_2,CB_536_cys,True,826.0,2451.8,1.0,826.0,-3.0,1.0073,0.992,ok
CB_536_cys_3,CB_536_cys,True,825.0,2493.6,1.0,825.0,-4.0,1.0088,0.991,ok
CB_536_cys_4,CB_536_cys,True,826.0,2539.2,1.0,826.0,-3.0,1.0133,0.995,ok
CB_536_cys_5,CB_536_cys,True,826.0,2548.0,1.0,826.0,-3.0,1.0122,0.995,ok
CB_536_gln_1,CB_536_gln,False,824.0,2501.0,0.98,824.0,-5.0,1.016,0.945,shifted
CB_536_gln_2,CB_536_gln,False,824.0,2579.6,0.975,824.0,-5.0,1.0147,0.964,shifted
CB_536_gln_3,CB_536_gln,False,824.0,2490.5,0.978,824.0,-5.0,1.0154,0.963,shifted
CB_536_gln_4,CB_536_gln,False,823.0,2285.4,0.948,823.0,-6.0,1.0089,0.945,shifted
CB_536_gln_5,CB_536_gln,False,824.0,2490.5,0.978,824.0,-5.0,1.0154,0.969,shifted
CB_536_glu_1,CB_536_glu,True,825.0,2158.8,1.0,825.0,-4.0,1.0082,0.967,ok
CB_536_glu_2,CB_536_glu,False,824.0,2142.5,0.998,824.0,-5.0,1.0143,0.968,shifted
CB_536_glu_3,CB_536_glu,False,824.0,2317.4,0.99,824.0,-5.0,1.0111,0.971,shifted
CB_536_glu_4,CB_536_glu,False,824.0,2135.4,0.997,824.0,-5.0,1.0085,0.969,shifted
CB_536_glu_5,CB_536_glu,False,824.0,2226.9,0.992,824.0,-5.0,1.0101,0.969,shifted
CB_536_gly_1,CB_536_gly,False,824.0,1673.7,0.988,824.0,-5.0,1.0214,0.928,shifted
CB_536_gly_2,CB_536_gly,True,825.0,2021.8,1.0,825.0,-4.0,1.0083,0.93,ok
CB_536_gly_3,CB_536_gly,True,825.0,1993.0,1.0,825.0,-4.0,1.0157,0.951,ok
CB_536_gly_4,CB_536_gly,True,825.0,1865.8,1.0,825.0,-4.0,1.0109,0.941,ok
CB_536_gly_5,CB_536_gly,False,824.0,1648.4,0.986,824.0,-5.0,1.0213,0.925,shifted
CB_536_his_1,CB_536_his,True,825.0,2412.9,1.0,825.0,-4.0,1.0137,0.993,ok
CB_536_his_2,CB_536_his,True,826.0,2389.9,1.0,826.0,-3.0,1.0121,0.995,ok
CB_536_his_3,CB_536_his,True,825.0,2522.7,1.0,825.0,-4.0,1.011,0.995,ok
CB_536_his_4,CB_536_his,True,826.0,2488.3,1.0,826.0,-3.0,1.0094,0.996,ok
CB_536_his_5,CB_536_his,True,825.0,2608.8,1.0,825.0,-4.0,1.0154,0.996,ok
CB_536_ile_1,CB_536_ile,True,827.0,2781.1,1.0,827.0,-2.0,1.0062,0.983,ok
CB_536_ile_2,CB_536_ile,True,827.0,2643.4,1.0,827.0,-2.0,1.012,0.986,ok
CB_536_ile_3,CB_536_ile,True,827.0,2637.6,1.0,827.0,-2.0,1.0141,0.983,ok
CB_536_ile_4,CB_536_ile,True,827.0,2691.7,1.0,827.0,-2.0,1.0117,0.982,ok
CB_536_ile_5,CB_536_ile,True,827.0,2679.6,1.0,827.0,-2.0,1.0071,0.982,ok
CB_536_leu_1,CB_536_leu,True,825.0,2639.3,1.0,825.0,-4.0,1.0082,0.988,ok
CB_536_leu_2,CB_536_leu,True,825.0,2764.6,1.0,825.0,-4.0,1.0116,0.988,ok
CB_536_leu_3,CB_536_leu,True,825.0,2641.4,1.0,825.0,-4.0,1.0121,0.988,ok
CB_536_leu_4,CB_536_leu,True,825.0,2678.0,1.0,825.0,-4.0,1.013,0.988,ok
CB_536_leu_5,CB_536_leu,True,825.0,2717.6,1.0,825.0,-4.0,1.0177,0.988,ok
CB_536_lys_1,CB_536_lys,True,825.0,2781.1,1.0,825.0,-4.0,1.0107,0.993,ok
CB_536_lys_2,CB_536_lys,True,825.0,2755.2,1.0,825.0,-4.0,1.0097,0.992,ok
CB_536_lys_3,CB_536_lys,True,825.0,2630.2,1.0,825.0,-4.0,1.0138,0.994,ok
CB_536_lys_4,CB_536_lys,True,825.0,2649.2,1.0,825.0,-4.0,1.0105,0.993,ok
CB_536_lys_5,CB_536_lys,True,826.0,2131.8,1.0,826.0,-3.0,1.0125,0.991,ok
CB_536_met_1,CB_536_met,True,827.0,2188.9,1.0,827.0,-2.0,1.0079,0.993,ok
CB_536_met_2,CB_536_met,True,827.0,2327.5,1.0,827.0,-2.0,1.0099,0.993,ok
CB_536_met_3,CB_536_met,True,826.0,2268.3,1.0,826.0,-3.0,1.0111,0.994,ok
CB_536_met_4,CB_536_met,True,826.0,2222.0,1.0,826.0,-3.0,1.0083,0.994,ok
CB_536_met_5,CB_536_met,True,826.0,2223.6,1.0,826.0,-3.0,1.0148,0.994,ok
CB_536_phe_1,CB_536_phe,True,825.0,3091.9,1.0,825.0,-4.0,1.014,0.991,ok
CB_536_phe_2,CB_536_phe,True,826.0,2947.3,1.0,826.0,-3.0,1.0123,0.99,ok
CB_536_phe_3,CB_536_phe,True,825.0,2832.1,1.0,825.0,-4.0,1.0133,0.984,ok
CB_536_phe_4,CB_536_phe,True,825.0,2907.3,1.0,825.0,-4.0,1.0137,0.986,ok
CB_536_phe_5,CB_536_phe,True,826.0,3048.9,1.0,826.0,-3.0,1.0152,0.99,ok
CB_536_pro_1,CB_536_pro,True,826.0,2729.7,1.0,826.0,-3.0,1.0128,0.993,ok
CB_536_pro_2,CB_536_pro,True,826.0,2781.9,1.0,826.0,-3.0,1.0149,0.99,ok
CB_536_pro_3,CB_536_pro,True,826.0,2998.2,1.0,826.0,-3.0,1.0086,0.996,ok
CB_536_pro_4,CB_536_pro,True,826.0,2870.1,1.0,826.0,-3.0,1.0108,0.996,ok
CB_536_pro_5,CB_536_pro,True,826.0,2944.5,1.0,826.0,-3.0,1.0078,0.996,ok
CB_536_ser_1,CB_536_ser,True,825.0,787.5,1.0,825.0,-4.0,1.0061,0.939,ok
CB_536_ser_2,CB_536_ser,True,825.0,916.4,1.0,825.0,-4.0,1.0062,0.937,ok
CB_536_ser_3,CB_536_ser,True,825.0,942.5,1.0,825.0,-4.0,1.0144,0.912,ok
CB_536_ser_4,CB_536_ser,False,824.0,834.2,0.997,824.0,-5.0,1.0087,0.941,shifted
CB_536_ser_5,CB_536_ser,True,825.0,688.2,1.0,825.0,-4.0,1.007,0.932,ok
CB_536_thr_1,CB_536_thr,False,824.0,2916.0,0.975,824.0,-5.0,1.0122,0.973,shifted
CB_536_thr_2,CB_536_thr,False,824.0,2910.4,0.982,824.0,-5.0,1.0073,0.979,shifted
CB_536_thr_3,CB_536_thr,False,824.0,2864.1,0.987,824.0,-5.0,1.0089,0.978,shifted
CB_536_thr_4,CB_536_thr,False,824.0,2829.3,0.988,824.0,-5.0,1.0095,0.977,shifted
CB_536_thr_5,CB_536_thr,False,824.0,2818.1,0.986,824.0,-5.0,1.0152,0.979,shifted
CB_536_trp_1,CB_536_trp,True,826.0,2727.3,1.0,826.0,-3.0,1.0134,0.994,ok
CB_536_trp_2,CB_536_trp,True,826.0,2812.6,1.0,826.0,-3.0,1.0109,0.995,ok
CB_536_trp_3,CB_536_trp,True,826.0,2890.3,1.0,826.0,-3.0,1.0107,0.994,ok
CB_536_trp_4,CB_536_trp,True,826.0,2858.5,1.0,826.0,-3.0,1.0132,0.995,ok
CB_536_trp_5,CB_536_trp,True,826.0,2792.4,1.0,826.0,-3.0,1.0087,0.994,ok
CB_536_tyr_1,CB_536_tyr,True,825.0,2869.2,1.0,825.0,-4.0,1.0153,0.987,ok
CB_536_tyr_2,CB_536_tyr,True,825.0,2773.5,1.0,825.0,-4.0,1.0112,0.987,ok
CB_536_tyr_3,CB_536_tyr,False,824.0,2909.8,0.998,824.0,-5.0,1.0112,0.986,shifted
CB_536_tyr_4,CB_536_tyr,False,824.0,2888.0,0.999,824.0,-5.0,1.0086,0.985,shifted
CB_536_tyr_5,CB_536_tyr,True,825.0,2692.5,1.0,825.0,-4.0,1.0108,0.988,ok
CB_536_val_1,CB_536_val,False,823.0,2531.1,0.947,823.0,-6.0,1.0102,0.941,shifted
CB_536_val_2,CB_536_val,False,823.0,2590.8,0.966,823.0,-6.0,1.0092,0.95,shifted
CB_536_val_3,CB_536_val,False,824.0,2594.4,0.973,824.0,-5.0,1.0098,0.961,shifted
CB_536_val_4,CB_536_val,False,824.0,2832.9,0.987,824.0,-5.0,1.0154,0.944,shifted
CB_536_val_5,CB_536_val,True,826.0,2803.6,1.0,826.0,-3.0,1.0093,0.994,ok
CB_BW_ala_1,CB_BW_ala,False,824.0,2179.2,0.971,824.0,-5.0,1.0158,0.951,shifted
CB_BW_ala_10,CB_BW_ala,False,824.0,1899.3,0.985,824.0,-5.0,1.0229,0.868,shifted
CB_BW_ala_2,CB_BW_ala,False,824.0,2188.6,0.986,824.0,-5.0,1.0063,0.981,shifted
CB_BW_ala_3,CB_BW_ala,False,824.0,2146.2,0.992,824.0,-5.0,1.008,0.97,shifted
CB_BW_ala_4,CB_BW_ala,False,824.0,2284.0,0.985,824.0,-5.0,1.0084,0.968,shifted
CB_BW_ala_5,CB_BW_ala,False,824.0,2118.8,0.984,824.0,-5.0,1.0118,0.974,shifted
CB_BW_ala_6,CB_BW_ala,False,823.0,2024.3,0.969,823.0,-6.0,1.0143,0.949,shifted
CB_BW_ala_7,CB_BW_ala,False,823.0,2031.1,0.977,823.0,-6.0,1.0124,0.96,shifted
CB_BW_ala_8,CB_BW_ala,False,824.0,1958.7,0.981,824.0,-5.0,1.0118,0.956,shifted
CB_BW_ala_9,CB_BW_ala,False,823.0,2124.2,0.969,823.0,-6.0,1.0118,0.967,shifted
CB_BW_arg_1,CB_BW_arg,True,825.0,2393.7,1.0,825.0,-4.0,1.0126,0.995,ok
CB_BW_arg_10,CB_BW_arg,True,827.0,2559.5,1.0,827.0,-2.0,1.0098,0.99,ok
CB_BW_arg_2,CB_BW_arg,True,826.0,2402.7,1.0,826.0,-3.0,1.0106,0.995,ok
CB_BW_arg_3,CB_BW_arg,True,826.0,2318.6,1.0,826.0,-3.0,1.0111,0.995,ok
CB_BW_arg_4,CB_BW_arg,True,825.0,2388.2,1.0,825.0,-4.0,1.0142,0.995,ok
CB_BW_arg_5,CB_BW_arg,True,826.0,2455.2,1.0,826.0,-3.0,1.0161,0.995,ok
CB_BW_arg_6,CB_BW_arg,True,827.0,2556.8,1.0,827.0,-2.0,1.0162,0.986,ok
CB_BW_arg_7,CB_BW_arg,True,827.0,2604.7,1.0,827.0,-2.0,1.0083,0.987,ok
CB_BW_arg_8,CB_BW_arg,True,826.0,2470.1,1.0,826.0,-3.0,1.0116,0.99,ok
CB_BW_arg_9,CB_BW_arg,True,826.0,2540.6,1.0,826.0,-3.0,1.0119,0.989,ok
CB_BW_asn_1,CB_BW_asn,True,826.0,2505.7,1.0,826.0,-3.0,1.01,0.994,ok
CB_BW_asn_10,CB_BW_asn,True,828.0,3082.4,1.0,828.0,-1.0,1.0061,0.94,ok
CB_BW_asn_2,CB_BW_asn,True,826.0,2569.2,1.0,826.0,-3.0,1.0117,0.995,ok
CB_BW_asn_3,CB_BW_asn,True,825.0,2466.4,1.0,825.0,-4.0,1.01,0.995,ok
CB_BW_asn_4,CB_BW_asn,True,825.0,2625.7,1.0,825.0,-4.0,1.0086,0.995,ok
CB_BW_asn_5,CB_BW_asn,True,826.0,2566.7,1.0,826.0,-3.0,1.011,0.995,ok
CB_BW_asn_6,CB_BW_asn,True,828.0,3244.7,1.0,828.0,-1.0,1.0076,0.943,ok
CB_BW_asn_7,CB_BW_asn,True,828.0,3078.4,1.0,828.0,-1.0,1.009,0.942,ok
CB_BW_asn_8,CB_BW_asn,True,828.0,3199.0,1.0,828.0,-1.0,1.0074,0.94,ok
CB_BW_asn_9,CB_BW_asn,True,828.0,3058.8,1.0,828.0,-1.0,1.0086,0.94,ok
CB_BW_asp_1,CB_BW_asp,True,825.0,2881.3,1.0,825.0,-4.0,1.0091,0.99,ok
CB_BW_asp_2,CB_BW_asp,True,825.0,2963.7,1.0,825.0,-4.0,1.0139,0.992,ok
CB_BW_asp_3,CB_BW_asp,True,825.0,2787.5,1.0,825.0,-4.0,1.0115,0.988,ok
CB_BW_asp_4,CB_BW_asp,True,825.0,2988.4,1.0,825.0,-4.0,1.0136,0.99,ok
CB_BW_asp_5,CB_BW_asp,True,825.0,2907.6,1.0,825.0,-4.0,1.0094,0.991,ok
CB_BW_ctrl_0,CB_BW_ctrl,False,822.0,2230.1,0.929,822.0,-7.0,1.018,0.922,shifted
CB_BW_ctrl_1,CB_BW_ctrl,False,822.0,2177.5,0.912,822.0,-7.0,1.0187,0.919,shifted
CB_BW_ctrl_2,CB_BW_ctrl,False,822.0,2189.7,0.936,822.0,-7.0,1.0201,0.93,shifted
CB_BW_ctrl_3,CB_BW_ctrl,False,822.0,2299.9,0.929,822.0,-7.0,1.0143,0.941,shifted
CB_BW_ctrl_4,CB_BW_ctrl,False,823.0,2233.1,0.94,823.0,-6.0,1.0108,0.937,shifted
CB_BW_cys_1,CB_BW_cys,True,826.0,2597.7,1.0,826.0,-3.0,1.0145,0.997,ok
CB_BW_cys_10,CB_BW_cys,True,826.0,2534.7,1.0,826.0,-3.0,1.012,0.994,ok
CB_BW_cys_2,CB_BW_cys,True,826.0,2555.8,1.0,826.0,-3.0,1.0137,0.996,ok
CB_BW_cys_3,CB_BW_cys,True,826.0,2514.4,1.0,826.0,-3.0,1.0117,0.993,ok
CB_BW_cys_4,CB_BW_cys,True,826.0,2461.3,1.0,826.0,-3.0,1.012,0.996,ok
CB_BW_cys_5,CB_BW_cys,True,826.0,2606.6,1.0,826.0,-3.0,1.0104,0.993,ok
CB_BW_cys_6,CB_BW_cys,True,826.0,2464.1,1.0,826.0,-3.0,1.0112,0.986,ok
CB_BW_cys_7,CB_BW_cys,True,826.0,2452.6,1.0,826.0,-3.0,1.0099,0.994,ok
CB_BW_cys_8,CB_BW_cys,True,826.0,2429.3,1.0,826.0,-3.0,1.0149,0.994,ok
CB_BW_cys_9,CB_BW_cys,True,826.0,2557.8,1.0,826.0,-3.0,1.0079,0.995,ok
CB_BW_gln_1,CB_BW_gln,True,825.0,2823.9,1.0,825.0,-4.0,1.0144,0.986,ok
CB_BW_gln_10,CB_BW_gln,True,827.0,2660.7,1.0,827.0,-2.0,1.0119,0.985,ok
CB_BW_gln_2,CB_BW_gln,True,825.0,2809.0,1.0,825.0,-4.0,1.0127,0.986,ok
CB_BW_gln_3,CB_BW_gln,True,825.0,2748.9,1.0,825.0,-4.0,1.0124,0.987,ok
CB_BW_gln_4,CB_BW_gln,True,825.0,2770.5,1.0,825.0,-4.0,1.0107,0.986,ok
CB_BW_gln_5,CB_BW_gln,True,825.0,2815.0,1.0,825.0,-4.0,1.0099,0.988,ok
CB_BW_gln_6,CB_BW_gln,True,827.0,2601.8,1.0,827.0,-2.0,1.0106,0.986,ok
CB_BW_gln_7,CB_BW_gln,True,827.0,2671.0,1.0,827.0,-2.0,1.0091,0.986,ok
CB_BW_gln_8,CB_BW_gln,True,827.0,2616.4,1.0,827.0,-2.0,1.0146,0.985,ok
CB_BW_gln_9,CB_BW_gln,True,827.0,2581.0,1.0,827.0,-2.0,1.0112,0.986,ok
CB_BW_glu_1,CB_BW_glu,True,825.0,2259.5,1.0,825.0,-4.0,1.0104,0.983,ok
CB_BW_glu_10,CB_BW_glu,True,826.0,2671.3,1.0,826.0,-3.0,1.0137,0.996,ok
CB_BW_glu_2,CB_BW_glu,True,825.0,2332.7,1.0,825.0,-4.0,1.0167,0.988,ok
CB_BW_glu_3,CB_BW_glu,True,825.0,2230.1,1.0,825.0,-4.0,1.0135,0.986,ok
CB_BW_glu_4,CB_BW_glu,True,825.0,2452.0,1.0,825.0,-4.0,1.0079,0.982,ok
CB_BW_glu_5,CB_BW_glu,True,825.0,2290.5,1.0,825.0,-4.0,1.0083,0.985,ok
CB_BW_glu_6,CB_BW_glu,True,826.0,2556.3,1.0,826.0,-3.0,1.0087,0.993,ok
CB_BW_glu_7,CB_BW_glu,True,826.0,2642.4,1.0,826.0,-3.0,1.0097,0.99,ok
CB_BW_glu_8,CB_BW_glu,True,826.0,2587.5,1.0,826.0,-3.0,1.0108,0.994,ok
CB_BW_glu_9,CB_BW_glu,True,826.0,2505.3,1.0,826.0,-3.0,1.0124,0.994,ok
CB_BW_gly_1,CB_BW_gly,False,824.0,2322.1,0.997,824.0,-5.0,1.0084,0.985,shifted
CB_BW_gly_10,CB_BW_gly,True,828.0,2726.2,1.0,828.0,-1.0,1.0101,0.948,ok
CB_BW_gly_2,CB_BW_gly,True,825.0,2410.5,1.0,825.0,-4.0,1.0085,0.987,ok
CB_BW_gly_3,CB_BW_gly,False,824.0,2519.6,0.993,824.0,-5.0,1.0147,0.985,shifted
CB_BW_gly_4,CB_BW_gly,True,825.0,2223.5,1.0,825.0,-4.0,1.0144,0.984,ok
CB_BW_gly_5,CB_BW_gly,False,824.0,2400.5,0.994,824.0,-5.0,1.0076,0.983,shifted
CB_BW_gly_6,CB_BW_gly,True,827.0,3007.5,1.0,827.0,-2.0,1.0109,0.969,ok
CB_BW_gly_7,CB_BW_gly,True,827.0,2796.5,1.0,827.0,-2.0,1.0054,0.971,ok
CB_BW_gly_8,CB_BW_gly,True,828.0,2818.1,1.0,828.0,-1.0,1.0104,0.961,ok
CB_BW_gly_9,CB_BW_gly,True,828.0,2702.6,1.0,828.0,-1.0,1.0097,0.949,ok
CB_BW_his_1,CB_BW_his,True,825.0,2669.0,1.0,825.0,-4.0,1.0165,0.985,ok
CB_BW_his_2,CB_BW_his,True,825.0,2668.2,1.0,825.0,-4.0,1.0128,0.986,ok
CB_BW_his_3,CB_BW_his,True,826.0,2774.5,1.0,826.0,-3.0,1.0096,0.994,ok
CB_BW_his_4,CB_BW_his,True,826.0,2881.3,1.0,826.0,-3.0,1.0095,0.995,ok
CB_BW_his_5,CB_BW_his,True,825.0,2899.9,1.0,825.0,-4.0,1.0118,0.993,ok
CB_BW_ile_1,CB_BW_ile,False,822.0,2132.9,0.901,822.0,-7.0,1.0155,0.901,shifted
CB_BW_ile_10,CB_BW_ile,True,826.0,2463.1,1.0,826.0,-3.0,1.0082,0.989,ok
CB_BW_ile_2,CB_BW_ile,False,823.0,2177.0,0.936,823.0,-6.0,1.0093,0.924,shifted
CB_BW_ile_3,CB_BW_ile,False,823.0,2073.8,0.948,823.0,-6.0,1.0104,0.936,shifted
CB_BW_ile_4,CB_BW_ile,False,823.0,2066.1,0.96,823.0,-6.0,1.0086,0.948,shifted
CB_BW_ile_5,CB_BW_ile,False,824.0,2125.4,0.978,824.0,-5.0,1.0127,0.956,shifted
CB_BW_ile_6,CB_BW_ile,True,826.0,2400.2,1.0,826.0,-3.0,1.012,0.987,ok
CB_BW_ile_7,CB_BW_ile,True,826.0,2428.4,1.0,826.0,-3.0,1.0153,0.988,ok
CB_BW_ile_8,CB_BW_ile,True,826.0,2503.0,1.0,826.0,-3.0,1.0093,0.984,ok
CB_BW_ile_9,CB_BW_ile,True,826.0,2502.4,1.0,826.0,-3.0,1.0099,0.989,ok
CB_BW_leu_1,CB_BW_leu,True,825.0,2930.3,1.0,825.0,-4.0,1.0118,0.988,ok
CB_BW_leu_2,CB_BW_leu,True,825.0,2893.8,1.0,825.0,-4.0,1.0113,0.989,ok
CB_BW_leu_3,CB_BW_leu,True,826.0,2976.4,1.0,826.0,-3.0,1.0118,0.988,ok
CB_BW_leu_4,CB_BW_leu,True,825.0,2869.5,1.0,825.0,-4.0,1.0148,0.986,ok
CB_BW_leu_5,CB_BW_leu,True,825.0,2937.9,1.0,825.0,-4.0,1.0109,0.985,ok
CB_BW_lys_1,CB_BW_lys,True,827.0,2949.6,1.0,827.0,-2.0,1.0083,0.991,ok
CB_BW_lys_2,CB_BW_lys,True,827.0,2940.9,1.0,827.0,-2.0,1.0148,0.99,ok
CB_BW_lys_3,CB_BW_lys,True,827.0,2863.4,1.0,827.0,-2.0,1.0094,0.987,ok
CB_BW_lys_4,CB_BW_lys,True,827.0,2921.9,1.0,827.0,-2.0,1.0177,0.988,ok
CB_BW_lys_5,CB_BW_lys,True,827.0,2889.3,1.0,827.0,-2.0,1.0115,0.99,ok
CB_BW_met_1,CB_BW_met,True,825.0,2566.8,1.0,825.0,-4.0,1.0084,0.995,ok
CB_BW_met_10,CB_BW_met,True,826.0,2470.6,1.0,826.0,-3.0,1.0105,0.991,ok
CB_BW_met_2,CB_BW_met,True,826.0,2634.6,1.0,826.0,-3.0,1.0115,0.995,ok
CB_BW_met_3,CB_BW_met,True,826.0,2555.8,1.0,826.0,-3.0,1.0107,0.994,ok
CB_BW_met_4,CB_BW_met,True,826.0,2773.3,1.0,826.0,-3.0,1.0125,0.99,ok
CB_BW_met_5,CB_BW_met,True,826.0,2575.9,1.0,826.0,-3.0,1.0103,0.993,ok
CB_BW_met_6,CB_BW_met,True,826.0,2370.8,1.0,826.0,-3.0,1.0156,0.994,ok
CB_BW_met_7,CB_BW_met,True,826.0,2434.9,1.0,826.0,-3.0,1.0113,0.992,ok
CB_BW_met_8,CB_BW_met,True,827.0,2424.9,1.0,827.0,-2.0,1.0109,0.993,ok
CB_BW_met_9,CB_BW_met,True,826.0,2516.9,1.0,826.0,-3.0,1.0138,0.994,ok
CB_BW_phe_1,CB_BW_phe,True,826.0,2535.4,1.0,826.0,-3.0,1.0171,0.995,ok
CB_BW_phe_2,CB_BW_phe,True,826.0,2673.4,1.0,826.0,-3.0,1.0086,0.997,ok
CB_BW_phe_3,CB_BW_phe,True,826.0,2724.6,1.0,826.0,-3.0,1.0107,0.996,ok
CB_BW_phe_4,CB_BW_phe,True,826.0,2761.6,1.0,826.0,-3.0,1.0076,0.994,ok
CB_BW_phe_5,CB_BW_phe,True,826.0,2733.8,1.0,826.0,-3.0,1.0083,0.996,ok
CB_BW_pro_1,CB_BW_pro,True,826.0,2734.1,1.0,826.0,-3.0,1.013,0.991,ok
CB_BW_pro_2,CB_BW_pro,True,826.0,3172.8,1.0,826.0,-3.0,1.0073,0.991,ok
CB_BW_pro_3,CB_BW_pro,True,827.0,2807.3,1.0,827.0,-2.0,1.0093,0.989,ok
CB_BW_pro_4,CB_BW_pro,True,827.0,2791.4,1.0,827.0,-2.0,1.0101,0.99,ok
CB_BW_pro_5,CB_BW_pro,True,826.0,2859.6,1.0,826.0,-3.0,1.0104,0.989,ok
CB_BW_ser_1,CB_BW_ser,True,825.0,2434.1,1.0,825.0,-4.0,1.0136,0.986,ok
CB_BW_ser_2,CB_BW_ser,True,825.0,2326.3,1.0,825.0,-4.0,1.0096,0.982,ok
CB_BW_ser_3,CB_BW_ser,True,826.0,2655.3,1.0,826.0,-3.0,1.0128,0.989,ok
CB_BW_ser_4,CB_BW_ser,True,826.0,2627.2,1.0,826.0,-3.0,1.0131,0.993,ok
CB_BW_ser_5,CB_BW_ser,True,826.0,2798.3,1.0,826.0,-3.0,1.0097,0.994,ok
CB_BW_thr_1,CB_BW_thr,True,828.0,3199.9,1.0,828.0,-1.0,1.0087,0.972,ok
CB_BW_thr_2,CB_BW_thr,True,828.0,3082.7,1.0,828.0,-1.0,1.0068,0.97,ok
CB_BW_thr_3,CB_BW_thr,True,828.0,3081.0,1.0,828.0,-1.0,1.0083,0.969,ok
CB_BW_thr_4,CB_BW_thr,True,827.0,2986.6,1.0,827.0,-2.0,1.0093,0.968,ok
CB_BW_thr_5,CB_BW_thr,True,828.0,2793.2,1.0,828.0,-1.0,1.0076,0.967,ok
CB_BW_trp_1,CB_BW_trp,True,825.0,1861.2,1.0,825.0,-4.0,1.0138,0.989,ok
CB_BW_trp_2,CB_BW_trp,True,825.0,1911.2,1.0,825.0,-4.0,1.0159,0.962,ok
CB_BW_trp_3,CB_BW_trp,True,825.0,2019.5,1.0,825.0,-4.0,1.0111,0.993,ok
CB_BW_trp_4,CB_BW_trp,True,826.0,2014.8,1.0,826.0,-3.0,1.0102,0.993,ok
CB_BW_trp_5,CB_BW_trp,True,826.0,2036.0,1.0,826.0,-3.0,1.0112,0.992,ok
CB_BW_tyr_1,CB_BW_tyr,True,825.0,2635.6,1.0,825.0,-4.0,1.0069,0.989,ok
CB_BW_tyr_10,CB_BW_tyr,True,825.0,2419.1,1.0,825.0,-4.0,1.0147,0.991,ok
CB_BW_tyr_2,CB_BW_tyr,True,825.0,2668.0,1.0,825.0,-4.0,1.0119,0.99,ok
CB_BW_tyr_3,CB_BW_tyr,True,826.0,2639.4,1.0,826.0,-3.0,1.01,0.987,ok
CB_BW_tyr_4,CB_BW_tyr,True,825.0,2650.4,1.0,825.0,-4.0,1.0106,0.986,ok
CB_BW_tyr_5,CB_BW_tyr,True,825.0,2552.0,1.0,825.0,-4.0,1.0132,0.985,ok
CB_BW_tyr_6,CB_BW_tyr,True,825.0,2278.2,1.0,825.0,-4.0,1.0111,0.982,ok
CB_BW_tyr_7,CB_BW_tyr,True,825.0,2160.5,1.0,825.0,-4.0,1.0142,0.98,ok
CB_BW_tyr_8,CB_BW_tyr,True,825.0,2261.9,1.0,825.0,-4.0,1.0111,0.989,ok
CB_BW_tyr_9,CB_BW_tyr,True,825.0,2461.0,1.0,825.0,-4.0,1.0076,0.99,ok
CB_BW_val_1,CB_BW_val,True,826.0,2647.8,1.0,826.0,-3.0,1.0083,0.995,ok
CB_BW_val_2,CB_BW_val,True,826.0,2584.6,1.0,826.0,-3.0,1.0111,0.995,ok
CB_BW_val_3,CB_BW_val,True,827.0,2611.6,1.0,827.0,-2.0,1.0079,0.995,ok
CB_BW_val_4,CB_BW_val,True,826.0,2636.6,1.0,826.0,-3.0,1.0108,0.995,ok
CB_BW_val_5,CB_BW_val,True,827.0,2589.6,1.0,827.0,-2.0,1.0123,0.994,ok
