task,variant,scheme,test_set,label,feature,model,metric,check,value,ci_lo,ci_hi,chance,p_perm,n_perm,perm_null_mean,n_test,n_test_groups,n_boot_ok,n_train,hp_source,hp,seconds,note
T1,v2,loso,all,analyte,META_design,majority,bal_acc,metadata_only,0.0433,0.0,0.1176,0.05,,,,590,40,1000,295,fixed,"[{""fold"": ""test=536"", ""src"": ""fixed"", ""thr"": 0.5}, {""fold"": ""test=BW"", ""src"": ""fixed"", ""thr"": 0.5}]",0.61,metadata-only confound check
T1,v2,loso,all,analyte,META_design,majority,macro_f1,metadata_only,0.0088,0.0,0.0245,,,,,590,40,1000,295,fixed,"[{""fold"": ""test=536"", ""src"": ""fixed"", ""thr"": 0.5}, {""fold"": ""test=BW"", ""src"": ""fixed"", ""thr"": 0.5}]",0.61,metadata-only confound check
T1,v2,loso,all,analyte,META_design,majority,accuracy,metadata_only,0.0508,0.0,0.1321,0.0847,,,,590,40,1000,295,fixed,"[{""fold"": ""test=536"", ""src"": ""fixed"", ""thr"": 0.5}, {""fold"": ""test=BW"", ""src"": ""fixed"", ""thr"": 0.5}]",0.61,metadata-only confound check
T1,v2,loso,all,analyte,META_design,lr,bal_acc,metadata_only,0.05,0.0,0.0667,0.05,,,,590,40,1000,295,default,"[{""fold"": ""test=536"", ""C"": 0.1, ""src"": ""default"", ""thr"": 0.5}, {""fold"": ""test=BW"", ""C"": 0.1, ""src"": ""default"", ""thr"": 0.5}]",0.64,metadata-only confound check
T1,v2,loso,all,analyte,META_design,lr,macro_f1,metadata_only,0.0048,0.0,0.0142,,,,,590,40,1000,295,default,"[{""fold"": ""test=536"", ""C"": 0.1, ""src"": ""default"", ""thr"": 0.5}, {""fold"": ""test=BW"", ""C"": 0.1, ""src"": ""default"", ""thr"": 0.5}]",0.64,metadata-only confound check
T1,v2,loso,all,analyte,META_design,lr,accuracy,metadata_only,0.0508,0.0,0.1356,0.0847,,,,590,40,1000,295,default,"[{""fold"": ""test=536"", ""C"": 0.1, ""src"": ""default"", ""thr"": 0.5}, {""fold"": ""test=BW"", ""C"": 0.1, ""src"": ""default"", ""thr"": 0.5}]",0.64,metadata-only confound check
T1,v2,loso,all,analyte,META_design,hgb,bal_acc,metadata_only,0.05,0.0,0.0667,0.05,,,,590,40,1000,295,fixed,"[{""fold"": ""test=536"", ""src"": ""fixed"", ""thr"": 0.5}, {""fold"": ""test=BW"", ""src"": ""fixed"", ""thr"": 0.5}]",0.85,metadata-only confound check
T1,v2,loso,all,analyte,META_design,hgb,macro_f1,metadata_only,0.0048,0.0,0.0142,,,,,590,40,1000,295,fixed,"[{""fold"": ""test=536"", ""src"": ""fixed"", ""thr"": 0.5}, {""fold"": ""test=BW"", ""src"": ""fixed"", ""thr"": 0.5}]",0.85,metadata-only confound check
T1,v2,loso,all,analyte,META_design,hgb,accuracy,metadata_only,0.0508,0.0,0.1356,0.0847,,,,590,40,1000,295,fixed,"[{""fold"": ""test=536"", ""src"": ""fixed"", ""thr"": 0.5}, {""fold"": ""test=BW"", ""src"": ""fixed"", ""thr"": 0.5}]",0.85,metadata-only confound check
T1,v2,loso,all,analyte,META_acq,majority,bal_acc,metadata_only,0.0433,0.0,0.1176,0.05,,,,590,40,1000,295,fixed,"[{""fold"": ""test=536"", ""src"": ""fixed"", ""thr"": 0.5}, {""fold"": ""test=BW"", ""src"": ""fixed"", ""thr"": 0.5}]",0.59,metadata-only confound check
T1,v2,loso,all,analyte,META_acq,majority,macro_f1,metadata_only,0.0088,0.0,0.0245,,,,,590,40,1000,295,fixed,"[{""fold"": ""test=536"", ""src"": ""fixed"", ""thr"": 0.5}, {""fold"": ""test=BW"", ""src"": ""fixed"", ""thr"": 0.5}]",0.59,metadata-only confound check
T1,v2,loso,all,analyte,META_acq,majority,accuracy,metadata_only,0.0508,0.0,0.1321,0.0847,,,,590,40,1000,295,fixed,"[{""fold"": ""test=536"", ""src"": ""fixed"", ""thr"": 0.5}, {""fold"": ""test=BW"", ""src"": ""fixed"", ""thr"": 0.5}]",0.59,metadata-only confound check
T1,v2,loso,all,analyte,META_acq,lr,bal_acc,metadata_only,0.1622,0.0912,0.26,0.05,0.001,1000,0.0484,590,40,1000,295,default,"[{""fold"": ""test=536"", ""C"": 0.1, ""src"": ""default"", ""thr"": 0.5}, {""fold"": ""test=BW"", ""C"": 0.1, ""src"": ""default"", ""thr"": 0.5}]",0.61,metadata-only confound check
T1,v2,loso,all,analyte,META_acq,lr,macro_f1,metadata_only,0.1087,0.0578,0.1698,,,,,590,40,1000,295,default,"[{""fold"": ""test=536"", ""C"": 0.1, ""src"": ""default"", ""thr"": 0.5}, {""fold"": ""test=BW"", ""C"": 0.1, ""src"": ""default"", ""thr"": 0.5}]",0.61,metadata-only confound check
T1,v2,loso,all,analyte,META_acq,lr,accuracy,metadata_only,0.1508,0.0714,0.242,0.0847,,,,590,40,1000,295,default,"[{""fold"": ""test=536"", ""C"": 0.1, ""src"": ""default"", ""thr"": 0.5}, {""fold"": ""test=BW"", ""C"": 0.1, ""src"": ""default"", ""thr"": 0.5}]",0.61,metadata-only confound check
T1,v2,loso,all,analyte,META_acq,hgb,bal_acc,metadata_only,0.0845,0.0357,0.1412,0.05,,,,590,40,1000,295,fixed,"[{""fold"": ""test=536"", ""src"": ""fixed"", ""thr"": 0.5}, {""fold"": ""test=BW"", ""src"": ""fixed"", ""thr"": 0.5}]",1.5,metadata-only confound check
T1,v2,loso,all,analyte,META_acq,hgb,macro_f1,metadata_only,0.0622,0.0258,0.1017,,,,,590,40,1000,295,fixed,"[{""fold"": ""test=536"", ""src"": ""fixed"", ""thr"": 0.5}, {""fold"": ""test=BW"", ""src"": ""fixed"", ""thr"": 0.5}]",1.5,metadata-only confound check
T1,v2,loso,all,analyte,META_acq,hgb,accuracy,metadata_only,0.0814,0.0274,0.1594,0.0847,,,,590,40,1000,295,fixed,"[{""fold"": ""test=536"", ""src"": ""fixed"", ""thr"": 0.5}, {""fold"": ""test=BW"", ""src"": ""fixed"", ""thr"": 0.5}]",1.5,metadata-only confound check
T1,v2,loso,all,analyte,META_all,majority,bal_acc,metadata_only,0.0433,0.0,0.1176,0.05,,,,590,40,1000,295,fixed,"[{""fold"": ""test=536"", ""src"": ""fixed"", ""thr"": 0.5}, {""fold"": ""test=BW"", ""src"": ""fixed"", ""thr"": 0.5}]",0.59,metadata-only confound check
T1,v2,loso,all,analyte,META_all,majority,macro_f1,metadata_only,0.0088,0.0,0.0245,,,,,590,40,1000,295,fixed,"[{""fold"": ""test=536"", ""src"": ""fixed"", ""thr"": 0.5}, {""fold"": ""test=BW"", ""src"": ""fixed"", ""thr"": 0.5}]",0.59,metadata-only confound check
T1,v2,loso,all,analyte,META_all,majority,accuracy,metadata_only,0.0508,0.0,0.1321,0.0847,,,,590,40,1000,295,fixed,"[{""fold"": ""test=536"", ""src"": ""fixed"", ""thr"": 0.5}, {""fold"": ""test=BW"", ""src"": ""fixed"", ""thr"": 0.5}]",0.59,metadata-only confound check
T1,v2,loso,all,analyte,META_all,lr,bal_acc,metadata_only,0.1622,0.0912,0.26,0.05,,,,590,40,1000,295,default,"[{""fold"": ""test=536"", ""C"": 0.1, ""src"": ""default"", ""thr"": 0.5}, {""fold"": ""test=BW"", ""C"": 0.1, ""src"": ""default"", ""thr"": 0.5}]",0.65,metadata-only confound check
T1,v2,loso,all,analyte,META_all,lr,macro_f1,metadata_only,0.1087,0.0578,0.1698,,,,,590,40,1000,295,default,"[{""fold"": ""test=536"", ""C"": 0.1, ""src"": ""default"", ""thr"": 0.5}, {""fold"": ""test=BW"", ""C"": 0.1, ""src"": ""default"", ""thr"": 0.5}]",0.65,metadata-only confound check
T1,v2,loso,all,analyte,META_all,lr,accuracy,metadata_only,0.1508,0.0714,0.242,0.0847,,,,590,40,1000,295,default,"[{""fold"": ""test=536"", ""C"": 0.1, ""src"": ""default"", ""thr"": 0.5}, {""fold"": ""test=BW"", ""C"": 0.1, ""src"": ""default"", ""thr"": 0.5}]",0.65,metadata-only confound check
T1,v2,loso,all,analyte,META_all,hgb,bal_acc,metadata_only,0.0845,0.0357,0.1412,0.05,,,,590,40,1000,295,fixed,"[{""fold"": ""test=536"", ""src"": ""fixed"", ""thr"": 0.5}, {""fold"": ""test=BW"", ""src"": ""fixed"", ""thr"": 0.5}]",1.49,metadata-only confound check
T1,v2,loso,all,analyte,META_all,hgb,macro_f1,metadata_only,0.0622,0.0258,0.1017,,,,,590,40,1000,295,fixed,"[{""fold"": ""test=536"", ""src"": ""fixed"", ""thr"": 0.5}, {""fold"": ""test=BW"", ""src"": ""fixed"", ""thr"": 0.5}]",1.49,metadata-only confound check
T1,v2,loso,all,analyte,META_all,hgb,accuracy,metadata_only,0.0814,0.0274,0.1594,0.0847,,,,590,40,1000,295,fixed,"[{""fold"": ""test=536"", ""src"": ""fixed"", ""thr"": 0.5}, {""fold"": ""test=BW"", ""src"": ""fixed"", ""thr"": 0.5}]",1.49,metadata-only confound check
T1,v2,step1_split,all,analyte,META_design,majority,bal_acc,metadata_only,0.0,0.0,0.0,0.05,,,,210,13,1000,380,fixed,"[{""fold"": ""step1"", ""src"": ""fixed"", ""thr"": 0.5}]",0.22,metadata-only confound check
T1,v2,step1_split,all,analyte,META_design,majority,macro_f1,metadata_only,0.0,0.0,0.0,,,,,210,13,1000,380,fixed,"[{""fold"": ""step1"", ""src"": ""fixed"", ""thr"": 0.5}]",0.22,metadata-only confound check
T1,v2,step1_split,all,analyte,META_design,majority,accuracy,metadata_only,0.0,0.0,0.0,0.1905,,,,210,13,1000,380,fixed,"[{""fold"": ""step1"", ""src"": ""fixed"", ""thr"": 0.5}]",0.22,metadata-only confound check
T1,v2,step1_split,all,analyte,META_design,lr,bal_acc,metadata_only,0.0,0.0,0.0,0.05,,,,210,13,1000,380,default,"[{""fold"": ""step1"", ""C"": 0.1, ""src"": ""default"", ""thr"": 0.5}]",0.27,metadata-only confound check
T1,v2,step1_split,all,analyte,META_design,lr,macro_f1,metadata_only,0.0,0.0,0.0,,,,,210,13,1000,380,default,"[{""fold"": ""step1"", ""C"": 0.1, ""src"": ""default"", ""thr"": 0.5}]",0.27,metadata-only confound check
T1,v2,step1_split,all,analyte,META_design,lr,accuracy,metadata_only,0.0,0.0,0.0,0.1905,,,,210,13,1000,380,default,"[{""fold"": ""step1"", ""C"": 0.1, ""src"": ""default"", ""thr"": 0.5}]",0.27,metadata-only confound check
T1,v2,step1_split,all,analyte,META_design,hgb,bal_acc,metadata_only,0.0,0.0,0.0,0.05,,,,210,13,1000,380,fixed,"[{""fold"": ""step1"", ""src"": ""fixed"", ""thr"": 0.5}]",0.38,metadata-only confound check
T1,v2,step1_split,all,analyte,META_design,hgb,macro_f1,metadata_only,0.0,0.0,0.0,,,,,210,13,1000,380,fixed,"[{""fold"": ""step1"", ""src"": ""fixed"", ""thr"": 0.5}]",0.38,metadata-only confound check
T1,v2,step1_split,all,analyte,META_design,hgb,accuracy,metadata_only,0.0,0.0,0.0,0.1905,,,,210,13,1000,380,fixed,"[{""fold"": ""step1"", ""src"": ""fixed"", ""thr"": 0.5}]",0.38,metadata-only confound check
T1,v2,step1_split,all,analyte,META_acq,majority,bal_acc,metadata_only,0.0,0.0,0.0,0.05,,,,210,13,1000,380,fixed,"[{""fold"": ""step1"", ""src"": ""fixed"", ""thr"": 0.5}]",0.22,metadata-only confound check
T1,v2,step1_split,all,analyte,META_acq,majority,macro_f1,metadata_only,0.0,0.0,0.0,,,,,210,13,1000,380,fixed,"[{""fold"": ""step1"", ""src"": ""fixed"", ""thr"": 0.5}]",0.22,metadata-only confound check
T1,v2,step1_split,all,analyte,META_acq,majority,accuracy,metadata_only,0.0,0.0,0.0,0.1905,,,,210,13,1000,380,fixed,"[{""fold"": ""step1"", ""src"": ""fixed"", ""thr"": 0.5}]",0.22,metadata-only confound check
T1,v2,step1_split,all,analyte,META_acq,lr,bal_acc,metadata_only,0.0692,0.0,0.1286,0.05,0.3746,1000,0.0555,210,13,1000,380,default,"[{""fold"": ""step1"", ""C"": 0.1, ""src"": ""default"", ""thr"": 0.5}]",0.23,metadata-only confound check
T1,v2,step1_split,all,analyte,META_acq,lr,macro_f1,metadata_only,0.091,0.0,0.1609,,,,,210,13,1000,380,default,"[{""fold"": ""step1"", ""C"": 0.1, ""src"": ""default"", ""thr"": 0.5}]",0.23,metadata-only confound check
T1,v2,step1_split,all,analyte,META_acq,lr,accuracy,metadata_only,0.0619,0.0,0.153,0.1905,,,,210,13,1000,380,default,"[{""fold"": ""step1"", ""C"": 0.1, ""src"": ""default"", ""thr"": 0.5}]",0.23,metadata-only confound check
T1,v2,step1_split,all,analyte,META_acq,hgb,bal_acc,metadata_only,0.0192,0.0,0.0357,0.05,,,,210,13,1000,380,fixed,"[{""fold"": ""step1"", ""src"": ""fixed"", ""thr"": 0.5}]",0.76,metadata-only confound check
T1,v2,step1_split,all,analyte,META_acq,hgb,macro_f1,metadata_only,0.0182,0.0,0.046,,,,,210,13,1000,380,fixed,"[{""fold"": ""step1"", ""src"": ""fixed"", ""thr"": 0.5}]",0.76,metadata-only confound check
T1,v2,step1_split,all,analyte,META_acq,hgb,accuracy,metadata_only,0.019,0.0,0.0445,0.1905,,,,210,13,1000,380,fixed,"[{""fold"": ""step1"", ""src"": ""fixed"", ""thr"": 0.5}]",0.76,metadata-only confound check
T1,v2,step1_split,all,analyte,META_all,majority,bal_acc,metadata_only,0.0,0.0,0.0,0.05,,,,210,13,1000,380,fixed,"[{""fold"": ""step1"", ""src"": ""fixed"", ""thr"": 0.5}]",0.27,metadata-only confound check
T1,v2,step1_split,all,analyte,META_all,majority,macro_f1,metadata_only,0.0,0.0,0.0,,,,,210,13,1000,380,fixed,"[{""fold"": ""step1"", ""src"": ""fixed"", ""thr"": 0.5}]",0.27,metadata-only confound check
T1,v2,step1_split,all,analyte,META_all,majority,accuracy,metadata_only,0.0,0.0,0.0,0.1905,,,,210,13,1000,380,fixed,"[{""fold"": ""step1"", ""src"": ""fixed"", ""thr"": 0.5}]",0.27,metadata-only confound check
T1,v2,step1_split,all,analyte,META_all,lr,bal_acc,metadata_only,0.0,0.0,0.0,0.05,,,,210,13,1000,380,default,"[{""fold"": ""step1"", ""C"": 0.1, ""src"": ""default"", ""thr"": 0.5}]",0.23,metadata-only confound check
T1,v2,step1_split,all,analyte,META_all,lr,macro_f1,metadata_only,0.0,0.0,0.0,,,,,210,13,1000,380,default,"[{""fold"": ""step1"", ""C"": 0.1, ""src"": ""default"", ""thr"": 0.5}]",0.23,metadata-only confound check
T1,v2,step1_split,all,analyte,META_all,lr,accuracy,metadata_only,0.0,0.0,0.0,0.1905,,,,210,13,1000,380,default,"[{""fold"": ""step1"", ""C"": 0.1, ""src"": ""default"", ""thr"": 0.5}]",0.23,metadata-only confound check
T1,v2,step1_split,all,analyte,META_all,hgb,bal_acc,metadata_only,0.0,0.0,0.0,0.05,,,,210,13,1000,380,fixed,"[{""fold"": ""step1"", ""src"": ""fixed"", ""thr"": 0.5}]",0.72,metadata-only confound check
T1,v2,step1_split,all,analyte,META_all,hgb,macro_f1,metadata_only,0.0,0.0,0.0,,,,,210,13,1000,380,fixed,"[{""fold"": ""step1"", ""src"": ""fixed"", ""thr"": 0.5}]",0.72,metadata-only confound check
T1,v2,step1_split,all,analyte,META_all,hgb,accuracy,metadata_only,0.0,0.0,0.0,0.1905,,,,210,13,1000,380,fixed,"[{""fold"": ""step1"", ""src"": ""fixed"", ""thr"": 0.5}]",0.72,metadata-only confound check
T1,v2,loso:cells->CB,all,analyte,F1,majority,bal_acc,substrate_only,0.05,0.0,0.1176,0.05,,,,250,40,1000,295,fixed,"[{""fold"": ""test=536"", ""src"": ""fixed"", ""thr"": 0.5}, {""fold"": ""test=BW"", ""src"": ""fixed"", ""thr"": 0.5}]",0.37,substrate-only control (a)
T1,v2,loso:cells->CB,all,analyte,F1,majority,macro_f1,substrate_only,0.0104,0.0,0.0281,,,,,250,40,1000,295,fixed,"[{""fold"": ""test=536"", ""src"": ""fixed"", ""thr"": 0.5}, {""fold"": ""test=BW"", ""src"": ""fixed"", ""thr"": 0.5}]",0.37,substrate-only control (a)
T1,v2,loso:cells->CB,all,analyte,F1,majority,accuracy,substrate_only,0.06,0.0,0.1538,0.06,,,,250,40,1000,295,fixed,"[{""fold"": ""test=536"", ""src"": ""fixed"", ""thr"": 0.5}, {""fold"": ""test=BW"", ""src"": ""fixed"", ""thr"": 0.5}]",0.37,substrate-only control (a)
T1,v2,loso:cells->CB,all,analyte,F1,lr,bal_acc,substrate_only,0.0583,0.0111,0.1229,0.05,0.3177,1000,0.0499,250,40,1000,295,default,"[{""fold"": ""test=536"", ""C"": 0.1, ""src"": ""default"", ""thr"": 0.5}, {""fold"": ""test=BW"", ""C"": 0.1, ""src"": ""default"", ""thr"": 0.5}]",0.42,substrate-only control (a)
T1,v2,loso:cells->CB,all,analyte,F1,lr,macro_f1,substrate_only,0.0225,0.0045,0.052,,,,,250,40,1000,295,default,"[{""fold"": ""test=536"", ""C"": 0.1, ""src"": ""default"", ""thr"": 0.5}, {""fold"": ""test=BW"", ""C"": 0.1, ""src"": ""default"", ""thr"": 0.5}]",0.42,substrate-only control (a)
T1,v2,loso:cells->CB,all,analyte,F1,lr,accuracy,substrate_only,0.052,0.0113,0.1131,0.06,,,,250,40,1000,295,default,"[{""fold"": ""test=536"", ""C"": 0.1, ""src"": ""default"", ""thr"": 0.5}, {""fold"": ""test=BW"", ""C"": 0.1, ""src"": ""default"", ""thr"": 0.5}]",0.42,substrate-only control (a)
T1,v2,loso:cells->CB,all,analyte,F1,knn,bal_acc,substrate_only,0.025,0.0035,0.0647,0.05,,,,250,40,1000,295,default,"[{""fold"": ""test=536"", ""k"": 5, ""src"": ""default"", ""thr"": 0.5}, {""fold"": ""test=BW"", ""k"": 5, ""src"": ""default"", ""thr"": 0.5}]",0.38,substrate-only control (a)
T1,v2,loso:cells->CB,all,analyte,F1,knn,macro_f1,substrate_only,0.0165,0.0013,0.0279,,,,,250,40,1000,295,default,"[{""fold"": ""test=536"", ""k"": 5, ""src"": ""default"", ""thr"": 0.5}, {""fold"": ""test=BW"", ""k"": 5, ""src"": ""default"", ""thr"": 0.5}]",0.38,substrate-only control (a)
T1,v2,loso:cells->CB,all,analyte,F1,knn,accuracy,substrate_only,0.028,0.0038,0.0706,0.06,,,,250,40,1000,295,default,"[{""fold"": ""test=536"", ""k"": 5, ""src"": ""default"", ""thr"": 0.5}, {""fold"": ""test=BW"", ""k"": 5, ""src"": ""default"", ""thr"": 0.5}]",0.38,substrate-only control (a)
T1,v2,loso:cells->CB,all,analyte,F3,majority,bal_acc,substrate_only,0.05,0.0,0.1176,0.05,,,,250,40,1000,295,fixed,"[{""fold"": ""test=536"", ""src"": ""fixed"", ""thr"": 0.5}, {""fold"": ""test=BW"", ""src"": ""fixed"", ""thr"": 0.5}]",0.38,substrate-only control (a)
T1,v2,loso:cells->CB,all,analyte,F3,majority,macro_f1,substrate_only,0.0104,0.0,0.0281,,,,,250,40,1000,295,fixed,"[{""fold"": ""test=536"", ""src"": ""fixed"", ""thr"": 0.5}, {""fold"": ""test=BW"", ""src"": ""fixed"", ""thr"": 0.5}]",0.38,substrate-only control (a)
T1,v2,loso:cells->CB,all,analyte,F3,majority,accuracy,substrate_only,0.06,0.0,0.1538,0.06,,,,250,40,1000,295,fixed,"[{""fold"": ""test=536"", ""src"": ""fixed"", ""thr"": 0.5}, {""fold"": ""test=BW"", ""src"": ""fixed"", ""thr"": 0.5}]",0.38,substrate-only control (a)
T1,v2,loso:cells->CB,all,analyte,F3,lr,bal_acc,substrate_only,0.04,0.0,0.0941,0.05,,,,250,40,1000,295,default,"[{""fold"": ""test=536"", ""C"": 0.1, ""src"": ""default"", ""thr"": 0.5}, {""fold"": ""test=BW"", ""C"": 0.1, ""src"": ""default"", ""thr"": 0.5}]",0.84,substrate-only control (a)
T1,v2,loso:cells->CB,all,analyte,F3,lr,macro_f1,substrate_only,0.0076,0.0,0.022,,,,,250,40,1000,295,default,"[{""fold"": ""test=536"", ""C"": 0.1, ""src"": ""default"", ""thr"": 0.5}, {""fold"": ""test=BW"", ""C"": 0.1, ""src"": ""default"", ""thr"": 0.5}]",0.84,substrate-only control (a)
T1,v2,loso:cells->CB,all,analyte,F3,lr,accuracy,substrate_only,0.032,0.0,0.0824,0.06,,,,250,40,1000,295,default,"[{""fold"": ""test=536"", ""C"": 0.1, ""src"": ""default"", ""thr"": 0.5}, {""fold"": ""test=BW"", ""C"": 0.1, ""src"": ""default"", ""thr"": 0.5}]",0.84,substrate-only control (a)
T1,v2,loso:cells->CB,all,analyte,F3,knn,bal_acc,substrate_only,0.0533,0.0037,0.1076,0.05,,,,250,40,1000,295,default,"[{""fold"": ""test=536"", ""k"": 5, ""src"": ""default"", ""thr"": 0.5}, {""fold"": ""test=BW"", ""k"": 5, ""src"": ""default"", ""thr"": 0.5}]",0.38,substrate-only control (a)
T1,v2,loso:cells->CB,all,analyte,F3,knn,macro_f1,substrate_only,0.0176,0.0026,0.0384,,,,,250,40,1000,295,default,"[{""fold"": ""test=536"", ""k"": 5, ""src"": ""default"", ""thr"": 0.5}, {""fold"": ""test=BW"", ""k"": 5, ""src"": ""default"", ""thr"": 0.5}]",0.38,substrate-only control (a)
T1,v2,loso:cells->CB,all,analyte,F3,knn,accuracy,substrate_only,0.044,0.0038,0.1,0.06,,,,250,40,1000,295,default,"[{""fold"": ""test=536"", ""k"": 5, ""src"": ""default"", ""thr"": 0.5}, {""fold"": ""test=BW"", ""k"": 5, ""src"": ""default"", ""thr"": 0.5}]",0.38,substrate-only control (a)
T1,v2,loso:CB->CB,all,analyte,F1,majority,bal_acc,substrate_only,0.05,0.0,0.0667,0.05,,,,250,40,1000,125,fixed,"[{""fold"": ""test=536"", ""src"": ""fixed"", ""thr"": 0.5}, {""fold"": ""test=BW"", ""src"": ""fixed"", ""thr"": 0.5}]",0.37,substrate-only control (b)
T1,v2,loso:CB->CB,all,analyte,F1,majority,macro_f1,substrate_only,0.0057,0.0,0.0161,,,,,250,40,1000,125,fixed,"[{""fold"": ""test=536"", ""src"": ""fixed"", ""thr"": 0.5}, {""fold"": ""test=BW"", ""src"": ""fixed"", ""thr"": 0.5}]",0.37,substrate-only control (b)
T1,v2,loso:CB->CB,all,analyte,F1,majority,accuracy,substrate_only,0.06,0.0,0.1569,0.06,,,,250,40,1000,125,fixed,"[{""fold"": ""test=536"", ""src"": ""fixed"", ""thr"": 0.5}, {""fold"": ""test=BW"", ""src"": ""fixed"", ""thr"": 0.5}]",0.37,substrate-only control (b)
T1,v2,loso:CB->CB,all,analyte,F1,lr,bal_acc,substrate_only,0.0417,0.0176,0.0632,0.05,0.6484,1000,0.0499,250,40,1000,125,default,"[{""fold"": ""test=536"", ""C"": 0.1, ""src"": ""default"", ""thr"": 0.5}, {""fold"": ""test=BW"", ""C"": 0.1, ""src"": ""default"", ""thr"": 0.5}]",0.4,substrate-only control (b)
T1,v2,loso:CB->CB,all,analyte,F1,lr,macro_f1,substrate_only,0.0401,0.017,0.062,,,,,250,40,1000,125,default,"[{""fold"": ""test=536"", ""C"": 0.1, ""src"": ""default"", ""thr"": 0.5}, {""fold"": ""test=BW"", ""C"": 0.1, ""src"": ""default"", ""thr"": 0.5}]",0.4,substrate-only control (b)
T1,v2,loso:CB->CB,all,analyte,F1,lr,accuracy,substrate_only,0.04,0.0125,0.0679,0.06,,,,250,40,1000,125,default,"[{""fold"": ""test=536"", ""C"": 0.1, ""src"": ""default"", ""thr"": 0.5}, {""fold"": ""test=BW"", ""C"": 0.1, ""src"": ""default"", ""thr"": 0.5}]",0.4,substrate-only control (b)
T1,v2,loso:CB->CB,all,analyte,F1,knn,bal_acc,substrate_only,0.0483,0.023,0.0847,0.05,0.5185,1000,0.0499,250,40,1000,125,default,"[{""fold"": ""test=536"", ""k"": 5, ""src"": ""default"", ""thr"": 0.5}, {""fold"": ""test=BW"", ""k"": 5, ""src"": ""default"", ""thr"": 0.5}]",0.38,substrate-only control (b)
T1,v2,loso:CB->CB,all,analyte,F1,knn,macro_f1,substrate_only,0.0477,0.0187,0.0862,,,,,250,40,1000,125,default,"[{""fold"": ""test=536"", ""k"": 5, ""src"": ""default"", ""thr"": 0.5}, {""fold"": ""test=BW"", ""k"": 5, ""src"": ""default"", ""thr"": 0.5}]",0.38,substrate-only control (b)
T1,v2,loso:CB->CB,all,analyte,F1,knn,accuracy,substrate_only,0.052,0.0213,0.088,0.06,,,,250,40,1000,125,default,"[{""fold"": ""test=536"", ""k"": 5, ""src"": ""default"", ""thr"": 0.5}, {""fold"": ""test=BW"", ""k"": 5, ""src"": ""default"", ""thr"": 0.5}]",0.38,substrate-only control (b)
T1,v2,loso:CB->CB,all,analyte,F3,majority,bal_acc,substrate_only,0.05,0.0,0.0667,0.05,,,,250,40,1000,125,fixed,"[{""fold"": ""test=536"", ""src"": ""fixed"", ""thr"": 0.5}, {""fold"": ""test=BW"", ""src"": ""fixed"", ""thr"": 0.5}]",0.39,substrate-only control (b)
T1,v2,loso:CB->CB,all,analyte,F3,majority,macro_f1,substrate_only,0.0057,0.0,0.0161,,,,,250,40,1000,125,fixed,"[{""fold"": ""test=536"", ""src"": ""fixed"", ""thr"": 0.5}, {""fold"": ""test=BW"", ""src"": ""fixed"", ""thr"": 0.5}]",0.39,substrate-only control (b)
T1,v2,loso:CB->CB,all,analyte,F3,majority,accuracy,substrate_only,0.06,0.0,0.1569,0.06,,,,250,40,1000,125,fixed,"[{""fold"": ""test=536"", ""src"": ""fixed"", ""thr"": 0.5}, {""fold"": ""test=BW"", ""src"": ""fixed"", ""thr"": 0.5}]",0.39,substrate-only control (b)
T1,v2,loso:CB->CB,all,analyte,F3,lr,bal_acc,substrate_only,0.025,0.0039,0.0529,0.05,,,,250,40,1000,125,default,"[{""fold"": ""test=536"", ""C"": 0.1, ""src"": ""default"", ""thr"": 0.5}, {""fold"": ""test=BW"", ""C"": 0.1, ""src"": ""default"", ""thr"": 0.5}]",0.6,substrate-only control (b)
T1,v2,loso:CB->CB,all,analyte,F3,lr,macro_f1,substrate_only,0.0219,0.0051,0.044,,,,,250,40,1000,125,default,"[{""fold"": ""test=536"", ""C"": 0.1, ""src"": ""default"", ""thr"": 0.5}, {""fold"": ""test=BW"", ""C"": 0.1, ""src"": ""default"", ""thr"": 0.5}]",0.6,substrate-only control (b)
T1,v2,loso:CB->CB,all,analyte,F3,lr,accuracy,substrate_only,0.028,0.004,0.064,0.06,,,,250,40,1000,125,default,"[{""fold"": ""test=536"", ""C"": 0.1, ""src"": ""default"", ""thr"": 0.5}, {""fold"": ""test=BW"", ""C"": 0.1, ""src"": ""default"", ""thr"": 0.5}]",0.6,substrate-only control (b)
T1,v2,loso:CB->CB,all,analyte,F3,knn,bal_acc,substrate_only,0.0433,0.0037,0.0733,0.05,,,,250,40,1000,125,default,"[{""fold"": ""test=536"", ""k"": 5, ""src"": ""default"", ""thr"": 0.5}, {""fold"": ""test=BW"", ""k"": 5, ""src"": ""default"", ""thr"": 0.5}]",0.38,substrate-only control (b)
T1,v2,loso:CB->CB,all,analyte,F3,knn,macro_f1,substrate_only,0.025,0.0037,0.0445,,,,,250,40,1000,125,default,"[{""fold"": ""test=536"", ""k"": 5, ""src"": ""default"", ""thr"": 0.5}, {""fold"": ""test=BW"", ""k"": 5, ""src"": ""default"", ""thr"": 0.5}]",0.38,substrate-only control (b)
T1,v2,loso:CB->CB,all,analyte,F3,knn,accuracy,substrate_only,0.036,0.0038,0.0826,0.06,,,,250,40,1000,125,default,"[{""fold"": ""test=536"", ""k"": 5, ""src"": ""default"", ""thr"": 0.5}, {""fold"": ""test=BW"", ""k"": 5, ""src"": ""default"", ""thr"": 0.5}]",0.38,substrate-only control (b)
