fname,AA,group,split
Cell_BW_ala_2.txt,alanine,C:\Users\moval\Documents\PhD\Raman\enzycell\cell\bw\wt||s1_AL1,train
Cell_BW_ala_3.txt,alanine,C:\Users\moval\Documents\PhD\Raman\enzycell\cell\bw\wt||s1_AL1,train
Cell_BW_ala_4.txt,alanine,C:\Users\moval\Documents\PhD\Raman\enzycell\cell\bw\wt||s1_AL1,train
Cell_BW_ala_5.txt,alanine,C:\Users\moval\Documents\PhD\Raman\enzycell\cell\bw\wt||s1_AL1,train
Cell_BW_ala_6.txt,alanine,C:\Users\moval\Documents\PhD\Raman\enzycell\cell\bw\wt||s1_AL1,train
Cell_BW_ala_7.txt,alanine,C:\Users\moval\Documents\PhD\Raman\enzycell\cell\bw\wt||s1_AL1,train
Cell_BW_ala_8.txt,alanine,C:\Users\moval\Documents\PhD\Raman\enzycell\cell\bw\wt||s1_AL1,train
Cell_BW_ala_9.txt,alanine,C:\Users\moval\Documents\PhD\Raman\enzycell\cell\bw\wt||s1_AL1,train
Cell_BW_ala_10.txt,alanine,C:\Users\moval\Documents\PhD\Raman\enzycell\cell\bw\wt||s1_AL1,train
CB_BW_ala_1.txt,alanine,C:\Users\moval\Documents\PhD\Raman\enzycell\cell\bw\wt||s2,train
CB_BW_ala_2.txt,alanine,C:\Users\moval\Documents\PhD\Raman\enzycell\cell\bw\wt||s2,train
CB_BW_ala_3.txt,alanine,C:\Users\moval\Documents\PhD\Raman\enzycell\cell\bw\wt||s2,train
CB_BW_ala_4.txt,alanine,C:\Users\moval\Documents\PhD\Raman\enzycell\cell\bw\wt||s2,train
CB_BW_ala_5.txt,alanine,C:\Users\moval\Documents\PhD\Raman\enzycell\cell\bw\wt||s2,train
Cell_BW_ala_11.txt,alanine,C:\Users\moval\Documents\PhD\Raman\enzycell\cell\bw\wt||s2_AL2,train
Cell_BW_ala_12.txt,alanine,C:\Users\moval\Documents\PhD\Raman\enzycell\cell\bw\wt||s2_AL2,train
Cell_BW_ala_13.txt,alanine,C:\Users\moval\Documents\PhD\Raman\enzycell\cell\bw\wt||s2_AL2,train
Cell_BW_ala_14.txt,alanine,C:\Users\moval\Documents\PhD\Raman\enzycell\cell\bw\wt||s2_AL2,train
Cell_BW_ala_15.txt,alanine,C:\Users\moval\Documents\PhD\Raman\enzycell\cell\bw\wt||s2_AL2,train
Cell_BW_ala_16.txt,alanine,C:\Users\moval\Documents\PhD\Raman\enzycell\cell\bw\wt||s2_AL2,train
Cell_BW_ala_17.txt,alanine,C:\Users\moval\Documents\PhD\Raman\enzycell\cell\bw\wt||s2_AL2,train
Cell_BW_ala_18.txt,alanine,C:\Users\moval\Documents\PhD\Raman\enzycell\cell\bw\wt||s2_AL2,train
Cell_BW_ala_19.txt,alanine,C:\Users\moval\Documents\PhD\Raman\enzycell\cell\bw\wt||s2_AL2,train
Cell_BW_ala_20.txt,alanine,C:\Users\moval\Documents\PhD\Raman\enzycell\cell\bw\wt||s2_AL2,train
CB_BW_ala_6.txt,alanine,C:\Users\moval\Documents\PhD\Raman\enzycell\cell\bw\wt||s1,test
CB_BW_ala_7.txt,alanine,C:\Users\moval\Documents\PhD\Raman\enzycell\cell\bw\wt||s1,test
CB_BW_ala_8.txt,alanine,C:\Users\moval\Documents\PhD\Raman\enzycell\cell\bw\wt||s1,test
CB_BW_ala_9.txt,alanine,C:\Users\moval\Documents\PhD\Raman\enzycell\cell\bw\wt||s1,test
CB_BW_ala_10.txt,alanine,C:\Users\moval\Documents\PhD\Raman\enzycell\cell\bw\wt||s1,test
Cell_BW_ala_1.txt,alanine,C:\Users\moval\Documents\PhD\Raman\enzycell\cell\bw\wt||s1_AL1,train
CB_536_ala_5.txt,alanine,C:\Users\moval\Documents\PhD\Raman\enzycell\cell\536\wt||s1,train
Cell_536_ala_1.txt,alanine,C:\Users\moval\Documents\PhD\Raman\enzycell\cell\536\wt||s1_WT_AL,train
Cell_536_ala_2.txt,alanine,C:\Users\moval\Documents\PhD\Raman\enzycell\cell\536\wt||s1_WT_AL,train
Cell_536_ala_3.txt,alanine,C:\Users\moval\Documents\PhD\Raman\enzycell\cell\536\wt||s1_WT_AL,train
Cell_536_ala_4.txt,alanine,C:\Users\moval\Documents\PhD\Raman\enzycell\cell\536\wt||s1_WT_AL,train
Cell_536_ala_5.txt,alanine,C:\Users\moval\Documents\PhD\Raman\enzycell\cell\536\wt||s1_WT_AL,train
Cell_536_ala_6.txt,alanine,C:\Users\moval\Documents\PhD\Raman\enzycell\cell\536\wt||s1_WT_AL,train
Cell_536_ala_7.txt,alanine,C:\Users\moval\Documents\PhD\Raman\enzycell\cell\536\wt||s1_WT_AL,train
Cell_536_ala_8.txt,alanine,C:\Users\moval\Documents\PhD\Raman\enzycell\cell\536\wt||s1_WT_AL,train
Cell_536_ala_9.txt,alanine,C:\Users\moval\Documents\PhD\Raman\enzycell\cell\536\wt||s1_WT_AL,train
Cell_536_ala_10.txt,alanine,C:\Users\moval\Documents\PhD\Raman\enzycell\cell\536\wt||s1_WT_AL,train
CB_536_ala_1.txt,alanine,C:\Users\moval\Documents\PhD\Raman\enzycell\cell\536\wt||s1,train
CB_536_ala_2.txt,alanine,C:\Users\moval\Documents\PhD\Raman\enzycell\cell\536\wt||s1,train
CB_536_ala_3.txt,alanine,C:\Users\moval\Documents\PhD\Raman\enzycell\cell\536\wt||s1,train
CB_536_ala_4.txt,alanine,C:\Users\moval\Documents\PhD\Raman\enzycell\cell\536\wt||s1,train
CB_BW_arg_1.txt,arginine,C:\Users\moval\Documents\PhD\Raman\enzycell\cell\bw\wt||s11,train
CB_BW_arg_2.txt,arginine,C:\Users\moval\Documents\PhD\Raman\enzycell\cell\bw\wt||s11,train
CB_BW_arg_3.txt,arginine,C:\Users\moval\Documents\PhD\Raman\enzycell\cell\bw\wt||s11,train
CB_BW_arg_4.txt,arginine,C:\Users\moval\Documents\PhD\Raman\enzycell\cell\bw\wt||s11,train
CB_BW_arg_5.txt,arginine,C:\Users\moval\Documents\PhD\Raman\enzycell\cell\bw\wt||s11,train
Cell_BW_arg_1.txt,arginine,C:\Users\moval\Documents\PhD\Raman\enzycell\cell\bw\wt||s11_AR1,train
Cell_BW_arg_2.txt,arginine,C:\Users\moval\Documents\PhD\Raman\enzycell\cell\bw\wt||s11_AR1,train
Cell_BW_arg_3.txt,arginine,C:\Users\moval\Documents\PhD\Raman\enzycell\cell\bw\wt||s11_AR1,train
Cell_BW_arg_4.txt,arginine,C:\Users\moval\Documents\PhD\Raman\enzycell\cell\bw\wt||s11_AR1,train
Cell_BW_arg_5.txt,arginine,C:\Users\moval\Documents\PhD\Raman\enzycell\cell\bw\wt||s11_AR1,train
Cell_BW_arg_6.txt,arginine,C:\Users\moval\Documents\PhD\Raman\enzycell\cell\bw\wt||s11_AR1,train
Cell_BW_arg_7.txt,arginine,C:\Users\moval\Documents\PhD\Raman\enzycell\cell\bw\wt||s11_AR1,train
Cell_BW_arg_8.txt,arginine,C:\Users\moval\Documents\PhD\Raman\enzycell\cell\bw\wt||s11_AR1,train
Cell_BW_arg_9.txt,arginine,C:\Users\moval\Documents\PhD\Raman\enzycell\cell\bw\wt||s11_AR1,train
Cell_BW_arg_10.txt,arginine,C:\Users\moval\Documents\PhD\Raman\enzycell\cell\bw\wt||s11_AR1,train
CB_BW_arg_6.txt,arginine,C:\Users\moval\Documents\PhD\Raman\enzycell\cell\bw\wt||s12,train
CB_BW_arg_7.txt,arginine,C:\Users\moval\Documents\PhD\Raman\enzycell\cell\bw\wt||s12,train
CB_BW_arg_8.txt,arginine,C:\Users\moval\Documents\PhD\Raman\enzycell\cell\bw\wt||s12,train
CB_BW_arg_9.txt,arginine,C:\Users\moval\Documents\PhD\Raman\enzycell\cell\bw\wt||s12,train
CB_BW_arg_10.txt,arginine,C:\Users\moval\Documents\PhD\Raman\enzycell\cell\bw\wt||s12,train
Cell_BW_arg_11.txt,arginine,C:\Users\moval\Documents\PhD\Raman\enzycell\cell\bw\wt||s12_AR2,test
Cell_BW_arg_12.txt,arginine,C:\Users\moval\Documents\PhD\Raman\enzycell\cell\bw\wt||s12_AR2,test
Cell_BW_arg_13.txt,arginine,C:\Users\moval\Documents\PhD\Raman\enzycell\cell\bw\wt||s12_AR2,test
Cell_BW_arg_14.txt,arginine,C:\Users\moval\Documents\PhD\Raman\enzycell\cell\bw\wt||s12_AR2,test
Cell_BW_arg_15.txt,arginine,C:\Users\moval\Documents\PhD\Raman\enzycell\cell\bw\wt||s12_AR2,test
Cell_BW_arg_16.txt,arginine,C:\Users\moval\Documents\PhD\Raman\enzycell\cell\bw\wt||s12_AR2,test
Cell_BW_arg_17.txt,arginine,C:\Users\moval\Documents\PhD\Raman\enzycell\cell\bw\wt||s12_AR2,test
Cell_BW_arg_18.txt,arginine,C:\Users\moval\Documents\PhD\Raman\enzycell\cell\bw\wt||s12_AR2,test
Cell_BW_arg_19.txt,arginine,C:\Users\moval\Documents\PhD\Raman\enzycell\cell\bw\wt||s12_AR2,test
Cell_BW_arg_20.txt,arginine,C:\Users\moval\Documents\PhD\Raman\enzycell\cell\bw\wt||s12_AR2,test
CB_536_arg_1.txt,arginine,C:\Users\moval\Documents\PhD\Raman\enzycell\cell\536\wt||s18,train
CB_536_arg_2.txt,arginine,C:\Users\moval\Documents\PhD\Raman\enzycell\cell\536\wt||s18,train
CB_536_arg_3.txt,arginine,C:\Users\moval\Documents\PhD\Raman\enzycell\cell\536\wt||s18,train
CB_536_arg_4.txt,arginine,C:\Users\moval\Documents\PhD\Raman\enzycell\cell\536\wt||s18,train
CB_536_arg_5.txt,arginine,C:\Users\moval\Documents\PhD\Raman\enzycell\cell\536\wt||s18,train
Cell_536_arg_1.txt,arginine,C:\Users\moval\Documents\PhD\Raman\enzycell\cell\536\wt||s18_536_WT_AR,train
Cell_536_arg_2.txt,arginine,C:\Users\moval\Documents\PhD\Raman\enzycell\cell\536\wt||s18_536_WT_AR,train
Cell_536_arg_3.txt,arginine,C:\Users\moval\Documents\PhD\Raman\enzycell\cell\536\wt||s18_536_WT_AR,train
Cell_536_arg_4.txt,arginine,C:\Users\moval\Documents\PhD\Raman\enzycell\cell\536\wt||s18_536_WT_AR,train
Cell_536_arg_5.txt,arginine,C:\Users\moval\Documents\PhD\Raman\enzycell\cell\536\wt||s18_536_WT_AR,train
Cell_536_arg_6.txt,arginine,C:\Users\moval\Documents\PhD\Raman\enzycell\cell\536\wt||s18_536_WT_AR,train
Cell_536_arg_7.txt,arginine,C:\Users\moval\Documents\PhD\Raman\enzycell\cell\536\wt||s18_536_WT_AR,train
Cell_536_arg_8.txt,arginine,C:\Users\moval\Documents\PhD\Raman\enzycell\cell\536\wt||s18_536_WT_AR,train
Cell_536_arg_9.txt,arginine,C:\Users\moval\Documents\PhD\Raman\enzycell\cell\536\wt||s18_536_WT_AR,train
Cell_536_arg_10.txt,arginine,C:\Users\moval\Documents\PhD\Raman\enzycell\cell\536\wt||s18_536_WT_AR,train
CB_BW_asn_1.txt,asparagine,C:\Users\moval\Documents\PhD\Raman\enzycell\cell\bw\wt||s15,train
CB_BW_asn_2.txt,asparagine,C:\Users\moval\Documents\PhD\Raman\enzycell\cell\bw\wt||s15,train
CB_BW_asn_3.txt,asparagine,C:\Users\moval\Documents\PhD\Raman\enzycell\cell\bw\wt||s15,train
CB_BW_asn_4.txt,asparagine,C:\Users\moval\Documents\PhD\Raman\enzycell\cell\bw\wt||s15,train
CB_BW_asn_5.txt,asparagine,C:\Users\moval\Documents\PhD\Raman\enzycell\cell\bw\wt||s15,train
Cell_BW_asn_1.txt,asparagine,C:\Users\moval\Documents\PhD\Raman\enzycell\cell\bw\wt||s15_AS1,train
Cell_BW_asn_2.txt,asparagine,C:\Users\moval\Documents\PhD\Raman\enzycell\cell\bw\wt||s15_AS1,train
Cell_BW_asn_3.txt,asparagine,C:\Users\moval\Documents\PhD\Raman\enzycell\cell\bw\wt||s15_AS1,train
Cell_BW_asn_4.txt,asparagine,C:\Users\moval\Documents\PhD\Raman\enzycell\cell\bw\wt||s15_AS1,train
Cell_BW_asn_5.txt,asparagine,C:\Users\moval\Documents\PhD\Raman\enzycell\cell\bw\wt||s15_AS1,train
Cell_BW_asn_6.txt,asparagine,C:\Users\moval\Documents\PhD\Raman\enzycell\cell\bw\wt||s15_AS1,train
Cell_BW_asn_7.txt,asparagine,C:\Users\moval\Documents\PhD\Raman\enzycell\cell\bw\wt||s15_AS1,train
Cell_BW_asn_8.txt,asparagine,C:\Users\moval\Documents\PhD\Raman\enzycell\cell\bw\wt||s15_AS1,train
Cell_BW_asn_9.txt,asparagine,C:\Users\moval\Documents\PhD\Raman\enzycell\cell\bw\wt||s15_AS1,train
Cell_BW_asn_10.txt,asparagine,C:\Users\moval\Documents\PhD\Raman\enzycell\cell\bw\wt||s15_AS1,train
CB_BW_asn_6.txt,asparagine,C:\Users\moval\Documents\PhD\Raman\enzycell\cell\bw\wt||s16,train
CB_BW_asn_7.txt,asparagine,C:\Users\moval\Documents\PhD\Raman\enzycell\cell\bw\wt||s16,train
CB_BW_asn_8.txt,asparagine,C:\Users\moval\Documents\PhD\Raman\enzycell\cell\bw\wt||s16,train
CB_BW_asn_9.txt,asparagine,C:\Users\moval\Documents\PhD\Raman\enzycell\cell\bw\wt||s16,train
CB_BW_asn_10.txt,asparagine,C:\Users\moval\Documents\PhD\Raman\enzycell\cell\bw\wt||s16,train
Cell_BW_asn_11.txt,asparagine,C:\Users\moval\Documents\PhD\Raman\enzycell\cell\bw\wt||s16_AS2,test
Cell_BW_asn_12.txt,asparagine,C:\Users\moval\Documents\PhD\Raman\enzycell\cell\bw\wt||s16_AS2,test
Cell_BW_asn_13.txt,asparagine,C:\Users\moval\Documents\PhD\Raman\enzycell\cell\bw\wt||s16_AS2,test
Cell_BW_asn_14.txt,asparagine,C:\Users\moval\Documents\PhD\Raman\enzycell\cell\bw\wt||s16_AS2,test
Cell_BW_asn_15.txt,asparagine,C:\Users\moval\Documents\PhD\Raman\enzycell\cell\bw\wt||s16_AS2,test
Cell_BW_asn_16.txt,asparagine,C:\Users\moval\Documents\PhD\Raman\enzycell\cell\bw\wt||s16_AS2,test
Cell_BW_asn_17.txt,asparagine,C:\Users\moval\Documents\PhD\Raman\enzycell\cell\bw\wt||s16_AS2,test
Cell_BW_asn_18.txt,asparagine,C:\Users\moval\Documents\PhD\Raman\enzycell\cell\bw\wt||s16_AS2,test
Cell_BW_asn_19.txt,asparagine,C:\Users\moval\Documents\PhD\Raman\enzycell\cell\bw\wt||s16_AS2,test
Cell_BW_asn_20.txt,asparagine,C:\Users\moval\Documents\PhD\Raman\enzycell\cell\bw\wt||s16_AS2,test
Cell_536_asn_1.txt,asparagine,C:\Users\moval\Documents\PhD\Raman\enzycell\cell\536\wt\add||s04_WT_A,train
Cell_536_asn_2.txt,asparagine,C:\Users\moval\Documents\PhD\Raman\enzycell\cell\536\wt\add||s04_WT_A,train
Cell_536_asn_3.txt,asparagine,C:\Users\moval\Documents\PhD\Raman\enzycell\cell\536\wt\add||s04_WT_A,train
Cell_536_asn_4.txt,asparagine,C:\Users\moval\Documents\PhD\Raman\enzycell\cell\536\wt\add||s04_WT_A,train
Cell_536_asn_5.txt,asparagine,C:\Users\moval\Documents\PhD\Raman\enzycell\cell\536\wt\add||s04_WT_A,train
Cell_536_asn_6.txt,asparagine,C:\Users\moval\Documents\PhD\Raman\enzycell\cell\536\wt\add||s04_WT_A,train
Cell_536_asn_7.txt,asparagine,C:\Users\moval\Documents\PhD\Raman\enzycell\cell\536\wt\add||s04_WT_A,train
Cell_536_asn_8.txt,asparagine,C:\Users\moval\Documents\PhD\Raman\enzycell\cell\536\wt\add||s04_WT_A,train
Cell_536_asn_9.txt,asparagine,C:\Users\moval\Documents\PhD\Raman\enzycell\cell\536\wt\add||s04_WT_A,train
Cell_536_asn_10.txt,asparagine,C:\Users\moval\Documents\PhD\Raman\enzycell\cell\536\wt\add||s04_WT_A,train
CB_536_asn_1.txt,asparagine,C:\Users\moval\Documents\PhD\Raman\enzycell\cell\536\wt\add||s04,train
CB_536_asn_2.txt,asparagine,C:\Users\moval\Documents\PhD\Raman\enzycell\cell\536\wt\add||s04,train
CB_536_asn_3.txt,asparagine,C:\Users\moval\Documents\PhD\Raman\enzycell\cell\536\wt\add||s04,train
CB_536_asn_4.txt,asparagine,C:\Users\moval\Documents\PhD\Raman\enzycell\cell\536\wt\add||s04,train
CB_536_asn_5.txt,asparagine,C:\Users\moval\Documents\PhD\Raman\enzycell\cell\536\wt\add||s04,train
Cell_BW_asp_3.txt,aspartic acid,C:\Users\moval\Documents\PhD\Raman\enzycell\cell\bw\wt\add||s6_WT_A,train
Cell_BW_asp_4.txt,aspartic acid,C:\Users\moval\Documents\PhD\Raman\enzycell\cell\bw\wt\add||s6_WT_A,train
Cell_BW_asp_5.txt,aspartic acid,C:\Users\moval\Documents\PhD\Raman\enzycell\cell\bw\wt\add||s6_WT_A,train
Cell_BW_asp_6.txt,aspartic acid,C:\Users\moval\Documents\PhD\Raman\enzycell\cell\bw\wt\add||s6_WT_A,train
Cell_BW_asp_7.txt,aspartic acid,C:\Users\moval\Documents\PhD\Raman\enzycell\cell\bw\wt\add||s6_WT_A,train
Cell_BW_asp_8.txt,aspartic acid,C:\Users\moval\Documents\PhD\Raman\enzycell\cell\bw\wt\add||s6_WT_A,train
Cell_BW_asp_9.txt,aspartic acid,C:\Users\moval\Documents\PhD\Raman\enzycell\cell\bw\wt\add||s6_WT_A,train
Cell_BW_asp_10.txt,aspartic acid,C:\Users\moval\Documents\PhD\Raman\enzycell\cell\bw\wt\add||s6_WT_A,train
CB_BW_asp_1.txt,aspartic acid,C:\Users\moval\Documents\PhD\Raman\enzycell\cell\bw\wt\add||s6,test
CB_BW_asp_2.txt,aspartic acid,C:\Users\moval\Documents\PhD\Raman\enzycell\cell\bw\wt\add||s6,test
CB_BW_asp_3.txt,aspartic acid,C:\Users\moval\Documents\PhD\Raman\enzycell\cell\bw\wt\add||s6,test
CB_BW_asp_4.txt,aspartic acid,C:\Users\moval\Documents\PhD\Raman\enzycell\cell\bw\wt\add||s6,test
CB_BW_asp_5.txt,aspartic acid,C:\Users\moval\Documents\PhD\Raman\enzycell\cell\bw\wt\add||s6,test
Cell_BW_asp_11.txt,aspartic acid,C:\Users\moval\Documents\PhD\Raman\enzycell\cell\bw\wt\add||s6_WT_A,train
Cell_BW_asp_2.txt,aspartic acid,C:\Users\moval\Documents\PhD\Raman\enzycell\cell\bw\wt\add||s6_WT_A,train
CB_536_asp_1.txt,aspartic acid,C:\Users\moval\Documents\PhD\Raman\enzycell\cell\536\wt||s9,train
CB_536_asp_2.txt,aspartic acid,C:\Users\moval\Documents\PhD\Raman\enzycell\cell\536\wt||s9,train
CB_536_asp_3.txt,aspartic acid,C:\Users\moval\Documents\PhD\Raman\enzycell\cell\536\wt||s9,train
CB_536_asp_4.txt,aspartic acid,C:\Users\moval\Documents\PhD\Raman\enzycell\cell\536\wt||s9,train
CB_536_asp_5.txt,aspartic acid,C:\Users\moval\Documents\PhD\Raman\enzycell\cell\536\wt||s9,train
Cell_536_asp_1.txt,aspartic acid,C:\Users\moval\Documents\PhD\Raman\enzycell\cell\536\wt||s9_WT_AS,train
Cell_536_asp_2.txt,aspartic acid,C:\Users\moval\Documents\PhD\Raman\enzycell\cell\536\wt||s9_WT_AS,train
Cell_536_asp_3.txt,aspartic acid,C:\Users\moval\Documents\PhD\Raman\enzycell\cell\536\wt||s9_WT_AS,train
Cell_536_asp_4.txt,aspartic acid,C:\Users\moval\Documents\PhD\Raman\enzycell\cell\536\wt||s9_WT_AS,train
Cell_536_asp_5.txt,aspartic acid,C:\Users\moval\Documents\PhD\Raman\enzycell\cell\536\wt||s9_WT_AS,train
Cell_536_asp_6.txt,aspartic acid,C:\Users\moval\Documents\PhD\Raman\enzycell\cell\536\wt||s9_WT_AS,train
Cell_536_asp_7.txt,aspartic acid,C:\Users\moval\Documents\PhD\Raman\enzycell\cell\536\wt||s9_WT_AS,train
Cell_536_asp_8.txt,aspartic acid,C:\Users\moval\Documents\PhD\Raman\enzycell\cell\536\wt||s9_WT_AS,train
Cell_536_asp_9.txt,aspartic acid,C:\Users\moval\Documents\PhD\Raman\enzycell\cell\536\wt||s9_WT_AS,train
Cell_536_asp_10.txt,aspartic acid,C:\Users\moval\Documents\PhD\Raman\enzycell\cell\536\wt||s9_WT_AS,train
CB_BW_cys_1.txt,cysteine,C:\Users\moval\Documents\PhD\Raman\enzycell\cell\bw\wt||s17,train
CB_BW_cys_2.txt,cysteine,C:\Users\moval\Documents\PhD\Raman\enzycell\cell\bw\wt||s17,train
CB_BW_cys_3.txt,cysteine,C:\Users\moval\Documents\PhD\Raman\enzycell\cell\bw\wt||s17,train
CB_BW_cys_4.txt,cysteine,C:\Users\moval\Documents\PhD\Raman\enzycell\cell\bw\wt||s17,train
CB_BW_cys_5.txt,cysteine,C:\Users\moval\Documents\PhD\Raman\enzycell\cell\bw\wt||s17,train
Cell_BW_cys_1.txt,cysteine,C:\Users\moval\Documents\PhD\Raman\enzycell\cell\bw\wt||s17_C1,train
Cell_BW_cys_2.txt,cysteine,C:\Users\moval\Documents\PhD\Raman\enzycell\cell\bw\wt||s17_C1,train
Cell_BW_cys_3.txt,cysteine,C:\Users\moval\Documents\PhD\Raman\enzycell\cell\bw\wt||s17_C1,train
Cell_BW_cys_4.txt,cysteine,C:\Users\moval\Documents\PhD\Raman\enzycell\cell\bw\wt||s17_C1,train
Cell_BW_cys_5.txt,cysteine,C:\Users\moval\Documents\PhD\Raman\enzycell\cell\bw\wt||s17_C1,train
Cell_BW_cys_6.txt,cysteine,C:\Users\moval\Documents\PhD\Raman\enzycell\cell\bw\wt||s17_C1,train
Cell_BW_cys_7.txt,cysteine,C:\Users\moval\Documents\PhD\Raman\enzycell\cell\bw\wt||s17_C1,train
Cell_BW_cys_8.txt,cysteine,C:\Users\moval\Documents\PhD\Raman\enzycell\cell\bw\wt||s17_C1,train
Cell_BW_cys_9.txt,cysteine,C:\Users\moval\Documents\PhD\Raman\enzycell\cell\bw\wt||s17_C1,train
Cell_BW_cys_10.txt,cysteine,C:\Users\moval\Documents\PhD\Raman\enzycell\cell\bw\wt||s17_C1,train
CB_BW_cys_6.txt,cysteine,C:\Users\moval\Documents\PhD\Raman\enzycell\cell\bw\wt||s18,train
CB_BW_cys_7.txt,cysteine,C:\Users\moval\Documents\PhD\Raman\enzycell\cell\bw\wt||s18,train
CB_BW_cys_8.txt,cysteine,C:\Users\moval\Documents\PhD\Raman\enzycell\cell\bw\wt||s18,train
CB_BW_cys_9.txt,cysteine,C:\Users\moval\Documents\PhD\Raman\enzycell\cell\bw\wt||s18,train
CB_BW_cys_10.txt,cysteine,C:\Users\moval\Documents\PhD\Raman\enzycell\cell\bw\wt||s18,train
Cell_BW_cys_11.txt,cysteine,C:\Users\moval\Documents\PhD\Raman\enzycell\cell\bw\wt||s18_C2,train
Cell_BW_cys_12.txt,cysteine,C:\Users\moval\Documents\PhD\Raman\enzycell\cell\bw\wt||s18_C2,train
Cell_BW_cys_13.txt,cysteine,C:\Users\moval\Documents\PhD\Raman\enzycell\cell\bw\wt||s18_C2,train
Cell_BW_cys_14.txt,cysteine,C:\Users\moval\Documents\PhD\Raman\enzycell\cell\bw\wt||s18_C2,train
Cell_BW_cys_15.txt,cysteine,C:\Users\moval\Documents\PhD\Raman\enzycell\cell\bw\wt||s18_C2,train
Cell_BW_cys_16.txt,cysteine,C:\Users\moval\Documents\PhD\Raman\enzycell\cell\bw\wt||s18_C2,train
Cell_BW_cys_17.txt,cysteine,C:\Users\moval\Documents\PhD\Raman\enzycell\cell\bw\wt||s18_C2,train
Cell_BW_cys_18.txt,cysteine,C:\Users\moval\Documents\PhD\Raman\enzycell\cell\bw\wt||s18_C2,train
Cell_BW_cys_19.txt,cysteine,C:\Users\moval\Documents\PhD\Raman\enzycell\cell\bw\wt||s18_C2,train
Cell_BW_cys_20.txt,cysteine,C:\Users\moval\Documents\PhD\Raman\enzycell\cell\bw\wt||s18_C2,train
CB_536_cys_1.txt,cysteine,C:\Users\moval\Documents\PhD\Raman\enzycell\cell\536\wt||s10,test
CB_536_cys_2.txt,cysteine,C:\Users\moval\Documents\PhD\Raman\enzycell\cell\536\wt||s10,test
CB_536_cys_3.txt,cysteine,C:\Users\moval\Documents\PhD\Raman\enzycell\cell\536\wt||s10,test
CB_536_cys_4.txt,cysteine,C:\Users\moval\Documents\PhD\Raman\enzycell\cell\536\wt||s10,test
CB_536_cys_5.txt,cysteine,C:\Users\moval\Documents\PhD\Raman\enzycell\cell\536\wt||s10,test
Cell_536_cys_1.txt,cysteine,C:\Users\moval\Documents\PhD\Raman\enzycell\cell\536\wt||s10_WT_C,train
Cell_536_cys_2.txt,cysteine,C:\Users\moval\Documents\PhD\Raman\enzycell\cell\536\wt||s10_WT_C,train
Cell_536_cys_3.txt,cysteine,C:\Users\moval\Documents\PhD\Raman\enzycell\cell\536\wt||s10_WT_C,train
Cell_536_cys_4.txt,cysteine,C:\Users\moval\Documents\PhD\Raman\enzycell\cell\536\wt||s10_WT_C,train
Cell_536_cys_5.txt,cysteine,C:\Users\moval\Documents\PhD\Raman\enzycell\cell\536\wt||s10_WT_C,train
Cell_536_cys_6.txt,cysteine,C:\Users\moval\Documents\PhD\Raman\enzycell\cell\536\wt||s10_WT_C,train
Cell_536_cys_7.txt,cysteine,C:\Users\moval\Documents\PhD\Raman\enzycell\cell\536\wt||s10_WT_C,train
Cell_536_cys_8.txt,cysteine,C:\Users\moval\Documents\PhD\Raman\enzycell\cell\536\wt||s10_WT_C,train
Cell_536_cys_9.txt,cysteine,C:\Users\moval\Documents\PhD\Raman\enzycell\cell\536\wt||s10_WT_C,train
Cell_536_cys_10.txt,cysteine,C:\Users\moval\Documents\PhD\Raman\enzycell\cell\536\wt||s10_WT_C,train
CB_BW_glu_1.txt,glutamic acid,C:\Users\moval\Documents\PhD\Raman\enzycell\cell\bw\wt||s9,train
CB_BW_glu_2.txt,glutamic acid,C:\Users\moval\Documents\PhD\Raman\enzycell\cell\bw\wt||s9,train
CB_BW_glu_3.txt,glutamic acid,C:\Users\moval\Documents\PhD\Raman\enzycell\cell\bw\wt||s9,train
CB_BW_glu_4.txt,glutamic acid,C:\Users\moval\Documents\PhD\Raman\enzycell\cell\bw\wt||s9,train
CB_BW_glu_5.txt,glutamic acid,C:\Users\moval\Documents\PhD\Raman\enzycell\cell\bw\wt||s9,train
Cell_BW_glu_1.txt,glutamic acid,C:\Users\moval\Documents\PhD\Raman\enzycell\cell\bw\wt||s9_GL1,train
Cell_BW_glu_2.txt,glutamic acid,C:\Users\moval\Documents\PhD\Raman\enzycell\cell\bw\wt||s9_GL1,train
Cell_BW_glu_3.txt,glutamic acid,C:\Users\moval\Documents\PhD\Raman\enzycell\cell\bw\wt||s9_GL1,train
Cell_BW_glu_4.txt,glutamic acid,C:\Users\moval\Documents\PhD\Raman\enzycell\cell\bw\wt||s9_GL1,train
Cell_BW_glu_5.txt,glutamic acid,C:\Users\moval\Documents\PhD\Raman\enzycell\cell\bw\wt||s9_GL1,train
Cell_BW_glu_6.txt,glutamic acid,C:\Users\moval\Documents\PhD\Raman\enzycell\cell\bw\wt||s9_GL1,train
Cell_BW_glu_7.txt,glutamic acid,C:\Users\moval\Documents\PhD\Raman\enzycell\cell\bw\wt||s9_GL1,train
Cell_BW_glu_8.txt,glutamic acid,C:\Users\moval\Documents\PhD\Raman\enzycell\cell\bw\wt||s9_GL1,train
Cell_BW_glu_9.txt,glutamic acid,C:\Users\moval\Documents\PhD\Raman\enzycell\cell\bw\wt||s9_GL1,train
Cell_BW_glu_10.txt,glutamic acid,C:\Users\moval\Documents\PhD\Raman\enzycell\cell\bw\wt||s9_GL1,train
CB_BW_glu_6.txt,glutamic acid,C:\Users\moval\Documents\PhD\Raman\enzycell\cell\bw\wt||s10,test
CB_BW_glu_7.txt,glutamic acid,C:\Users\moval\Documents\PhD\Raman\enzycell\cell\bw\wt||s10,test
CB_BW_glu_8.txt,glutamic acid,C:\Users\moval\Documents\PhD\Raman\enzycell\cell\bw\wt||s10,test
CB_BW_glu_9.txt,glutamic acid,C:\Users\moval\Documents\PhD\Raman\enzycell\cell\bw\wt||s10,test
CB_BW_glu_10.txt,glutamic acid,C:\Users\moval\Documents\PhD\Raman\enzycell\cell\bw\wt||s10,test
Cell_BW_glu_11.txt,glutamic acid,C:\Users\moval\Documents\PhD\Raman\enzycell\cell\bw\wt||s10_GL2,train
Cell_BW_glu_12.txt,glutamic acid,C:\Users\moval\Documents\PhD\Raman\enzycell\cell\bw\wt||s10_GL2,train
Cell_BW_glu_13.txt,glutamic acid,C:\Users\moval\Documents\PhD\Raman\enzycell\cell\bw\wt||s10_GL2,train
Cell_BW_glu_14.txt,glutamic acid,C:\Users\moval\Documents\PhD\Raman\enzycell\cell\bw\wt||s10_GL2,train
Cell_BW_glu_15.txt,glutamic acid,C:\Users\moval\Documents\PhD\Raman\enzycell\cell\bw\wt||s10_GL2,train
Cell_BW_glu_16.txt,glutamic acid,C:\Users\moval\Documents\PhD\Raman\enzycell\cell\bw\wt||s10_GL2,train
Cell_BW_glu_17.txt,glutamic acid,C:\Users\moval\Documents\PhD\Raman\enzycell\cell\bw\wt||s10_GL2,train
Cell_BW_glu_18.txt,glutamic acid,C:\Users\moval\Documents\PhD\Raman\enzycell\cell\bw\wt||s10_GL2,train
Cell_BW_glu_19.txt,glutamic acid,C:\Users\moval\Documents\PhD\Raman\enzycell\cell\bw\wt||s10_GL2,train
Cell_BW_glu_20.txt,glutamic acid,C:\Users\moval\Documents\PhD\Raman\enzycell\cell\bw\wt||s10_GL2,train
CB_536_glu_1.txt,glutamic acid,C:\Users\moval\Documents\PhD\Raman\enzycell\cell\536\wt||s7,train
CB_536_glu_2.txt,glutamic acid,C:\Users\moval\Documents\PhD\Raman\enzycell\cell\536\wt||s7,train
CB_536_glu_3.txt,glutamic acid,C:\Users\moval\Documents\PhD\Raman\enzycell\cell\536\wt||s7,train
CB_536_glu_4.txt,glutamic acid,C:\Users\moval\Documents\PhD\Raman\enzycell\cell\536\wt||s7,train
CB_536_glu_5.txt,glutamic acid,C:\Users\moval\Documents\PhD\Raman\enzycell\cell\536\wt||s7,train
Cell_536_glu_1.txt,glutamic acid,C:\Users\moval\Documents\PhD\Raman\enzycell\cell\536\wt||s7_WT_GL,train
Cell_536_glu_2.txt,glutamic acid,C:\Users\moval\Documents\PhD\Raman\enzycell\cell\536\wt||s7_WT_GL,train
Cell_536_glu_3.txt,glutamic acid,C:\Users\moval\Documents\PhD\Raman\enzycell\cell\536\wt||s7_WT_GL,train
Cell_536_glu_4.txt,glutamic acid,C:\Users\moval\Documents\PhD\Raman\enzycell\cell\536\wt||s7_WT_GL,train
Cell_536_glu_5.txt,glutamic acid,C:\Users\moval\Documents\PhD\Raman\enzycell\cell\536\wt||s7_WT_GL,train
Cell_536_glu_6.txt,glutamic acid,C:\Users\moval\Documents\PhD\Raman\enzycell\cell\536\wt||s7_WT_GL,train
Cell_536_glu_7.txt,glutamic acid,C:\Users\moval\Documents\PhD\Raman\enzycell\cell\536\wt||s7_WT_GL,train
Cell_536_glu_8.txt,glutamic acid,C:\Users\moval\Documents\PhD\Raman\enzycell\cell\536\wt||s7_WT_GL,train
Cell_536_glu_9.txt,glutamic acid,C:\Users\moval\Documents\PhD\Raman\enzycell\cell\536\wt||s7_WT_GL,train
Cell_536_glu_10.txt,glutamic acid,C:\Users\moval\Documents\PhD\Raman\enzycell\cell\536\wt||s7_WT_GL,train
Cell_BW_gln_1.txt,glutamine,C:\Users\moval\Documents\PhD\Raman\enzycell\cell\bw\wt||s7_WT_G,train
Cell_BW_gln_2.txt,glutamine,C:\Users\moval\Documents\PhD\Raman\enzycell\cell\bw\wt||s7_WT_G,train
Cell_BW_gln_3.txt,glutamine,C:\Users\moval\Documents\PhD\Raman\enzycell\cell\bw\wt||s7_WT_G,train
Cell_BW_gln_4.txt,glutamine,C:\Users\moval\Documents\PhD\Raman\enzycell\cell\bw\wt||s7_WT_G,train
Cell_BW_gln_5.txt,glutamine,C:\Users\moval\Documents\PhD\Raman\enzycell\cell\bw\wt||s7_WT_G,train
Cell_BW_gln_6.txt,glutamine,C:\Users\moval\Documents\PhD\Raman\enzycell\cell\bw\wt||s7_WT_G,train
Cell_BW_gln_7.txt,glutamine,C:\Users\moval\Documents\PhD\Raman\enzycell\cell\bw\wt||s7_WT_G,train
Cell_BW_gln_8.txt,glutamine,C:\Users\moval\Documents\PhD\Raman\enzycell\cell\bw\wt||s7_WT_G,train
Cell_BW_gln_9.txt,glutamine,C:\Users\moval\Documents\PhD\Raman\enzycell\cell\bw\wt||s7_WT_G,train
Cell_BW_gln_10.txt,glutamine,C:\Users\moval\Documents\PhD\Raman\enzycell\cell\bw\wt||s7_WT_G,train
CB_BW_gln_1.txt,glutamine,C:\Users\moval\Documents\PhD\Raman\enzycell\cell\bw\wt\add||s7,train
CB_BW_gln_2.txt,glutamine,C:\Users\moval\Documents\PhD\Raman\enzycell\cell\bw\wt\add||s7,train
CB_BW_gln_3.txt,glutamine,C:\Users\moval\Documents\PhD\Raman\enzycell\cell\bw\wt\add||s7,train
CB_BW_gln_4.txt,glutamine,C:\Users\moval\Documents\PhD\Raman\enzycell\cell\bw\wt\add||s7,train
CB_BW_gln_5.txt,glutamine,C:\Users\moval\Documents\PhD\Raman\enzycell\cell\bw\wt\add||s7,train
Cell_BW_gln_11.txt,glutamine,C:\Users\moval\Documents\PhD\Raman\enzycell\cell\bw\wt\add||s7_WT_G,train
Cell_BW_gln_12.txt,glutamine,C:\Users\moval\Documents\PhD\Raman\enzycell\cell\bw\wt\add||s7_WT_G,train
Cell_BW_gln_13.txt,glutamine,C:\Users\moval\Documents\PhD\Raman\enzycell\cell\bw\wt\add||s7_WT_G,train
Cell_BW_gln_14.txt,glutamine,C:\Users\moval\Documents\PhD\Raman\enzycell\cell\bw\wt\add||s7_WT_G,train
Cell_BW_gln_15.txt,glutamine,C:\Users\moval\Documents\PhD\Raman\enzycell\cell\bw\wt\add||s7_WT_G,train
Cell_BW_gln_16.txt,glutamine,C:\Users\moval\Documents\PhD\Raman\enzycell\cell\bw\wt\add||s7_WT_G,train
Cell_BW_gln_17.txt,glutamine,C:\Users\moval\Documents\PhD\Raman\enzycell\cell\bw\wt\add||s7_WT_G,train
Cell_BW_gln_18.txt,glutamine,C:\Users\moval\Documents\PhD\Raman\enzycell\cell\bw\wt\add||s7_WT_G,train
Cell_BW_gln_19.txt,glutamine,C:\Users\moval\Documents\PhD\Raman\enzycell\cell\bw\wt\add||s7_WT_G,train
Cell_BW_gln_20.txt,glutamine,C:\Users\moval\Documents\PhD\Raman\enzycell\cell\bw\wt\add||s7_WT_G,train
CB_BW_gln_6.txt,glutamine,C:\Users\moval\Documents\PhD\Raman\enzycell\cell\bw\wt\add||s15,train
CB_BW_gln_7.txt,glutamine,C:\Users\moval\Documents\PhD\Raman\enzycell\cell\bw\wt\add||s15,train
CB_BW_gln_8.txt,glutamine,C:\Users\moval\Documents\PhD\Raman\enzycell\cell\bw\wt\add||s15,train
CB_BW_gln_9.txt,glutamine,C:\Users\moval\Documents\PhD\Raman\enzycell\cell\bw\wt\add||s15,train
CB_BW_gln_10.txt,glutamine,C:\Users\moval\Documents\PhD\Raman\enzycell\cell\bw\wt\add||s15,train
CB_536_gln_1.txt,glutamine,C:\Users\moval\Documents\PhD\Raman\enzycell\cell\536\wt\add||s05,train
CB_536_gln_2.txt,glutamine,C:\Users\moval\Documents\PhD\Raman\enzycell\cell\536\wt\add||s05,train
CB_536_gln_3.txt,glutamine,C:\Users\moval\Documents\PhD\Raman\enzycell\cell\536\wt\add||s05,train
CB_536_gln_4.txt,glutamine,C:\Users\moval\Documents\PhD\Raman\enzycell\cell\536\wt\add||s05,train
CB_536_gln_5.txt,glutamine,C:\Users\moval\Documents\PhD\Raman\enzycell\cell\536\wt\add||s05,train
Cell_536_gln_1.txt,glutamine,C:\Users\moval\Documents\PhD\Raman\enzycell\cell\536\wt\add||s05_WT_G,test
Cell_536_gln_2.txt,glutamine,C:\Users\moval\Documents\PhD\Raman\enzycell\cell\536\wt\add||s05_WT_G,test
Cell_536_gln_3.txt,glutamine,C:\Users\moval\Documents\PhD\Raman\enzycell\cell\536\wt\add||s05_WT_G,test
Cell_536_gln_4.txt,glutamine,C:\Users\moval\Documents\PhD\Raman\enzycell\cell\536\wt\add||s05_WT_G,test
Cell_536_gln_5.txt,glutamine,C:\Users\moval\Documents\PhD\Raman\enzycell\cell\536\wt\add||s05_WT_G,test
Cell_536_gln_6.txt,glutamine,C:\Users\moval\Documents\PhD\Raman\enzycell\cell\536\wt\add||s05_WT_G,test
Cell_536_gln_7.txt,glutamine,C:\Users\moval\Documents\PhD\Raman\enzycell\cell\536\wt\add||s05_WT_G,test
Cell_536_gln_8.txt,glutamine,C:\Users\moval\Documents\PhD\Raman\enzycell\cell\536\wt\add||s05_WT_G,test
Cell_536_gln_9.txt,glutamine,C:\Users\moval\Documents\PhD\Raman\enzycell\cell\536\wt\add||s05_WT_G,test
Cell_536_gln_10.txt,glutamine,C:\Users\moval\Documents\PhD\Raman\enzycell\cell\536\wt\add||s05_WT_G,test
CB_BW_gly_1.txt,glycine,C:\Users\moval\Documents\PhD\Raman\enzycell\cell\bw\wt||s5,train
CB_BW_gly_2.txt,glycine,C:\Users\moval\Documents\PhD\Raman\enzycell\cell\bw\wt||s5,train
CB_BW_gly_3.txt,glycine,C:\Users\moval\Documents\PhD\Raman\enzycell\cell\bw\wt||s5,train
CB_BW_gly_4.txt,glycine,C:\Users\moval\Documents\PhD\Raman\enzycell\cell\bw\wt||s5,train
CB_BW_gly_5.txt,glycine,C:\Users\moval\Documents\PhD\Raman\enzycell\cell\bw\wt||s5,train
Cell_BW_gly_1.txt,glycine,C:\Users\moval\Documents\PhD\Raman\enzycell\cell\bw\wt||s5_GY1,train
Cell_BW_gly_2.txt,glycine,C:\Users\moval\Documents\PhD\Raman\enzycell\cell\bw\wt||s5_GY1,train
Cell_BW_gly_3.txt,glycine,C:\Users\moval\Documents\PhD\Raman\enzycell\cell\bw\wt||s5_GY1,train
Cell_BW_gly_4.txt,glycine,C:\Users\moval\Documents\PhD\Raman\enzycell\cell\bw\wt||s5_GY1,train
Cell_BW_gly_5.txt,glycine,C:\Users\moval\Documents\PhD\Raman\enzycell\cell\bw\wt||s5_GY1,train
Cell_BW_gly_6.txt,glycine,C:\Users\moval\Documents\PhD\Raman\enzycell\cell\bw\wt||s5_GY1,train
Cell_BW_gly_7.txt,glycine,C:\Users\moval\Documents\PhD\Raman\enzycell\cell\bw\wt||s5_GY1,train
Cell_BW_gly_8.txt,glycine,C:\Users\moval\Documents\PhD\Raman\enzycell\cell\bw\wt||s5_GY1,train
Cell_BW_gly_9.txt,glycine,C:\Users\moval\Documents\PhD\Raman\enzycell\cell\bw\wt||s5_GY1,train
Cell_BW_gly_10.txt,glycine,C:\Users\moval\Documents\PhD\Raman\enzycell\cell\bw\wt||s5_GY1,train
CB_BW_gly_6.txt,glycine,C:\Users\moval\Documents\PhD\Raman\enzycell\cell\bw\wt||s6,train
CB_BW_gly_7.txt,glycine,C:\Users\moval\Documents\PhD\Raman\enzycell\cell\bw\wt||s6,train
CB_BW_gly_8.txt,glycine,C:\Users\moval\Documents\PhD\Raman\enzycell\cell\bw\wt||s6,train
CB_BW_gly_9.txt,glycine,C:\Users\moval\Documents\PhD\Raman\enzycell\cell\bw\wt||s6,train
CB_BW_gly_10.txt,glycine,C:\Users\moval\Documents\PhD\Raman\enzycell\cell\bw\wt||s6,train
Cell_BW_gly_11.txt,glycine,C:\Users\moval\Documents\PhD\Raman\enzycell\cell\bw\wt||s6_GY2,test
Cell_BW_gly_12.txt,glycine,C:\Users\moval\Documents\PhD\Raman\enzycell\cell\bw\wt||s6_GY2,test
Cell_BW_gly_13.txt,glycine,C:\Users\moval\Documents\PhD\Raman\enzycell\cell\bw\wt||s6_GY2,test
Cell_BW_gly_14.txt,glycine,C:\Users\moval\Documents\PhD\Raman\enzycell\cell\bw\wt||s6_GY2,test
Cell_BW_gly_15.txt,glycine,C:\Users\moval\Documents\PhD\Raman\enzycell\cell\bw\wt||s6_GY2,test
Cell_BW_gly_16.txt,glycine,C:\Users\moval\Documents\PhD\Raman\enzycell\cell\bw\wt||s6_GY2,test
Cell_BW_gly_17.txt,glycine,C:\Users\moval\Documents\PhD\Raman\enzycell\cell\bw\wt||s6_GY2,test
Cell_BW_gly_18.txt,glycine,C:\Users\moval\Documents\PhD\Raman\enzycell\cell\bw\wt||s6_GY2,test
Cell_BW_gly_19.txt,glycine,C:\Users\moval\Documents\PhD\Raman\enzycell\cell\bw\wt||s6_GY2,test
Cell_BW_gly_20.txt,glycine,C:\Users\moval\Documents\PhD\Raman\enzycell\cell\bw\wt||s6_GY2,test
Cell_BW_gly_21.txt,glycine,C:\Users\moval\Documents\PhD\Raman\enzycell\cell\bw\wt||s15_WT_GY,test
Cell_BW_gly_22.txt,glycine,C:\Users\moval\Documents\PhD\Raman\enzycell\cell\bw\wt||s15_WT_GY,test
Cell_BW_gly_23.txt,glycine,C:\Users\moval\Documents\PhD\Raman\enzycell\cell\bw\wt||s15_WT_GY,test
Cell_BW_gly_24.txt,glycine,C:\Users\moval\Documents\PhD\Raman\enzycell\cell\bw\wt||s15_WT_GY,test
Cell_BW_gly_25.txt,glycine,C:\Users\moval\Documents\PhD\Raman\enzycell\cell\bw\wt||s15_WT_GY,test
Cell_BW_gly_26.txt,glycine,C:\Users\moval\Documents\PhD\Raman\enzycell\cell\bw\wt||s15_WT_GY,test
Cell_BW_gly_27.txt,glycine,C:\Users\moval\Documents\PhD\Raman\enzycell\cell\bw\wt||s15_WT_GY,test
Cell_BW_gly_28.txt,glycine,C:\Users\moval\Documents\PhD\Raman\enzycell\cell\bw\wt||s15_WT_GY,test
Cell_BW_gly_29.txt,glycine,C:\Users\moval\Documents\PhD\Raman\enzycell\cell\bw\wt||s15_WT_GY,test
Cell_BW_gly_30.txt,glycine,C:\Users\moval\Documents\PhD\Raman\enzycell\cell\bw\wt||s15_WT_GY,test
Cell_BW_gly_31.txt,glycine,C:\Users\moval\Documents\PhD\Raman\enzycell\cell\bw\wt\add||s15_WT_GY,train
Cell_BW_gly_32.txt,glycine,C:\Users\moval\Documents\PhD\Raman\enzycell\cell\bw\wt\add||s15_WT_GY,train
Cell_BW_gly_33.txt,glycine,C:\Users\moval\Documents\PhD\Raman\enzycell\cell\bw\wt\add||s15_WT_GY,train
Cell_BW_gly_34.txt,glycine,C:\Users\moval\Documents\PhD\Raman\enzycell\cell\bw\wt\add||s15_WT_GY,train
Cell_BW_gly_35.txt,glycine,C:\Users\moval\Documents\PhD\Raman\enzycell\cell\bw\wt\add||s15_WT_GY,train
Cell_BW_gly_36.txt,glycine,C:\Users\moval\Documents\PhD\Raman\enzycell\cell\bw\wt\add||s15_WT_GY,train
Cell_BW_gly_37.txt,glycine,C:\Users\moval\Documents\PhD\Raman\enzycell\cell\bw\wt\add||s15_WT_GY,train
Cell_BW_gly_38.txt,glycine,C:\Users\moval\Documents\PhD\Raman\enzycell\cell\bw\wt\add||s15_WT_GY,train
Cell_BW_gly_39.txt,glycine,C:\Users\moval\Documents\PhD\Raman\enzycell\cell\bw\wt\add||s15_WT_GY,train
Cell_BW_gly_40.txt,glycine,C:\Users\moval\Documents\PhD\Raman\enzycell\cell\bw\wt\add||s15_WT_GY,train
CB_536_gly_1.txt,glycine,C:\Users\moval\Documents\PhD\Raman\enzycell\cell\536\wt||s5,train
CB_536_gly_2.txt,glycine,C:\Users\moval\Documents\PhD\Raman\enzycell\cell\536\wt||s5,train
CB_536_gly_3.txt,glycine,C:\Users\moval\Documents\PhD\Raman\enzycell\cell\536\wt||s5,train
CB_536_gly_4.txt,glycine,C:\Users\moval\Documents\PhD\Raman\enzycell\cell\536\wt||s5,train
CB_536_gly_5.txt,glycine,C:\Users\moval\Documents\PhD\Raman\enzycell\cell\536\wt||s5,train
Cell_536_gly_1.txt,glycine,C:\Users\moval\Documents\PhD\Raman\enzycell\cell\536\wt||s5_WT_GY,train
Cell_536_gly_2.txt,glycine,C:\Users\moval\Documents\PhD\Raman\enzycell\cell\536\wt||s5_WT_GY,train
Cell_536_gly_3.txt,glycine,C:\Users\moval\Documents\PhD\Raman\enzycell\cell\536\wt||s5_WT_GY,train
Cell_536_gly_4.txt,glycine,C:\Users\moval\Documents\PhD\Raman\enzycell\cell\536\wt||s5_WT_GY,train
Cell_536_gly_5.txt,glycine,C:\Users\moval\Documents\PhD\Raman\enzycell\cell\536\wt||s5_WT_GY,train
Cell_536_gly_6.txt,glycine,C:\Users\moval\Documents\PhD\Raman\enzycell\cell\536\wt||s5_WT_GY,train
Cell_536_gly_7.txt,glycine,C:\Users\moval\Documents\PhD\Raman\enzycell\cell\536\wt||s5_WT_GY,train
Cell_536_gly_8.txt,glycine,C:\Users\moval\Documents\PhD\Raman\enzycell\cell\536\wt||s5_WT_GY,train
Cell_536_gly_9.txt,glycine,C:\Users\moval\Documents\PhD\Raman\enzycell\cell\536\wt||s5_WT_GY,train
Cell_536_gly_10.txt,glycine,C:\Users\moval\Documents\PhD\Raman\enzycell\cell\536\wt||s5_WT_GY,train
Cell_BW_his_1.txt,histidine,C:\Users\moval\Documents\PhD\Raman\enzycell\cell\bw\wt||s8_WT_H,train
Cell_BW_his_2.txt,histidine,C:\Users\moval\Documents\PhD\Raman\enzycell\cell\bw\wt||s8_WT_H,train
Cell_BW_his_3.txt,histidine,C:\Users\moval\Documents\PhD\Raman\enzycell\cell\bw\wt||s8_WT_H,train
Cell_BW_his_4.txt,histidine,C:\Users\moval\Documents\PhD\Raman\enzycell\cell\bw\wt||s8_WT_H,train
Cell_BW_his_5.txt,histidine,C:\Users\moval\Documents\PhD\Raman\enzycell\cell\bw\wt||s8_WT_H,train
Cell_BW_his_6.txt,histidine,C:\Users\moval\Documents\PhD\Raman\enzycell\cell\bw\wt||s8_WT_H,train
Cell_BW_his_7.txt,histidine,C:\Users\moval\Documents\PhD\Raman\enzycell\cell\bw\wt||s8_WT_H,train
Cell_BW_his_8.txt,histidine,C:\Users\moval\Documents\PhD\Raman\enzycell\cell\bw\wt||s8_WT_H,train
Cell_BW_his_9.txt,histidine,C:\Users\moval\Documents\PhD\Raman\enzycell\cell\bw\wt||s8_WT_H,train
Cell_BW_his_10.txt,histidine,C:\Users\moval\Documents\PhD\Raman\enzycell\cell\bw\wt||s8_WT_H,train
CB_BW_his_1.txt,histidine,C:\Users\moval\Documents\PhD\Raman\enzycell\cell\bw\wt\add||s8,train
CB_BW_his_2.txt,histidine,C:\Users\moval\Documents\PhD\Raman\enzycell\cell\bw\wt\add||s8,train
CB_BW_his_3.txt,histidine,C:\Users\moval\Documents\PhD\Raman\enzycell\cell\bw\wt\add||s8,train
CB_BW_his_4.txt,histidine,C:\Users\moval\Documents\PhD\Raman\enzycell\cell\bw\wt\add||s8,train
CB_BW_his_5.txt,histidine,C:\Users\moval\Documents\PhD\Raman\enzycell\cell\bw\wt\add||s8,train
Cell_BW_his_11.txt,histidine,C:\Users\moval\Documents\PhD\Raman\enzycell\cell\bw\wt\add||s8_WT_H,train
Cell_BW_his_12.txt,histidine,C:\Users\moval\Documents\PhD\Raman\enzycell\cell\bw\wt\add||s8_WT_H,train
Cell_BW_his_13.txt,histidine,C:\Users\moval\Documents\PhD\Raman\enzycell\cell\bw\wt\add||s8_WT_H,train
Cell_BW_his_14.txt,histidine,C:\Users\moval\Documents\PhD\Raman\enzycell\cell\bw\wt\add||s8_WT_H,train
Cell_BW_his_15.txt,histidine,C:\Users\moval\Documents\PhD\Raman\enzycell\cell\bw\wt\add||s8_WT_H,train
Cell_BW_his_16.txt,histidine,C:\Users\moval\Documents\PhD\Raman\enzycell\cell\bw\wt\add||s8_WT_H,train
Cell_BW_his_17.txt,histidine,C:\Users\moval\Documents\PhD\Raman\enzycell\cell\bw\wt\add||s8_WT_H,train
Cell_BW_his_18.txt,histidine,C:\Users\moval\Documents\PhD\Raman\enzycell\cell\bw\wt\add||s8_WT_H,train
Cell_BW_his_19.txt,histidine,C:\Users\moval\Documents\PhD\Raman\enzycell\cell\bw\wt\add||s8_WT_H,train
Cell_BW_his_20.txt,histidine,C:\Users\moval\Documents\PhD\Raman\enzycell\cell\bw\wt\add||s8_WT_H,train
CB_536_his_1.txt,histidine,C:\Users\moval\Documents\PhD\Raman\enzycell\cell\536\wt\add||s06,train
CB_536_his_2.txt,histidine,C:\Users\moval\Documents\PhD\Raman\enzycell\cell\536\wt\add||s06,train
CB_536_his_3.txt,histidine,C:\Users\moval\Documents\PhD\Raman\enzycell\cell\536\wt\add||s06,train
CB_536_his_4.txt,histidine,C:\Users\moval\Documents\PhD\Raman\enzycell\cell\536\wt\add||s06,train
CB_536_his_5.txt,histidine,C:\Users\moval\Documents\PhD\Raman\enzycell\cell\536\wt\add||s06,train
Cell_536_his_1.txt,histidine,C:\Users\moval\Documents\PhD\Raman\enzycell\cell\536\wt\add||s06_WT_H,test
Cell_536_his_2.txt,histidine,C:\Users\moval\Documents\PhD\Raman\enzycell\cell\536\wt\add||s06_WT_H,test
Cell_536_his_3.txt,histidine,C:\Users\moval\Documents\PhD\Raman\enzycell\cell\536\wt\add||s06_WT_H,test
Cell_536_his_4.txt,histidine,C:\Users\moval\Documents\PhD\Raman\enzycell\cell\536\wt\add||s06_WT_H,test
Cell_536_his_5.txt,histidine,C:\Users\moval\Documents\PhD\Raman\enzycell\cell\536\wt\add||s06_WT_H,test
Cell_536_his_6.txt,histidine,C:\Users\moval\Documents\PhD\Raman\enzycell\cell\536\wt\add||s06_WT_H,test
Cell_536_his_7.txt,histidine,C:\Users\moval\Documents\PhD\Raman\enzycell\cell\536\wt\add||s06_WT_H,test
Cell_536_his_8.txt,histidine,C:\Users\moval\Documents\PhD\Raman\enzycell\cell\536\wt\add||s06_WT_H,test
Cell_536_his_9.txt,histidine,C:\Users\moval\Documents\PhD\Raman\enzycell\cell\536\wt\add||s06_WT_H,test
Cell_536_his_10.txt,histidine,C:\Users\moval\Documents\PhD\Raman\enzycell\cell\536\wt\add||s06_WT_H,test
CB_BW_ile_1.txt,isoleucine,C:\Users\moval\Documents\PhD\Raman\enzycell\cell\bw\wt||s3,train
CB_BW_ile_2.txt,isoleucine,C:\Users\moval\Documents\PhD\Raman\enzycell\cell\bw\wt||s3,train
CB_BW_ile_3.txt,isoleucine,C:\Users\moval\Documents\PhD\Raman\enzycell\cell\bw\wt||s3,train
CB_BW_ile_4.txt,isoleucine,C:\Users\moval\Documents\PhD\Raman\enzycell\cell\bw\wt||s3,train
CB_BW_ile_5.txt,isoleucine,C:\Users\moval\Documents\PhD\Raman\enzycell\cell\bw\wt||s3,train
Cell_BW_ile_1.txt,isoleucine,C:\Users\moval\Documents\PhD\Raman\enzycell\cell\bw\wt||s3_I1,train
Cell_BW_ile_2.txt,isoleucine,C:\Users\moval\Documents\PhD\Raman\enzycell\cell\bw\wt||s3_I1,train
Cell_BW_ile_3.txt,isoleucine,C:\Users\moval\Documents\PhD\Raman\enzycell\cell\bw\wt||s3_I1,train
Cell_BW_ile_4.txt,isoleucine,C:\Users\moval\Documents\PhD\Raman\enzycell\cell\bw\wt||s3_I1,train
Cell_BW_ile_5.txt,isoleucine,C:\Users\moval\Documents\PhD\Raman\enzycell\cell\bw\wt||s3_I1,train
Cell_BW_ile_6.txt,isoleucine,C:\Users\moval\Documents\PhD\Raman\enzycell\cell\bw\wt||s3_I1,train
Cell_BW_ile_7.txt,isoleucine,C:\Users\moval\Documents\PhD\Raman\enzycell\cell\bw\wt||s3_I1,train
Cell_BW_ile_8.txt,isoleucine,C:\Users\moval\Documents\PhD\Raman\enzycell\cell\bw\wt||s3_I1,train
Cell_BW_ile_9.txt,isoleucine,C:\Users\moval\Documents\PhD\Raman\enzycell\cell\bw\wt||s3_I1,train
Cell_BW_ile_10.txt,isoleucine,C:\Users\moval\Documents\PhD\Raman\enzycell\cell\bw\wt||s3_I1,train
CB_BW_ile_6.txt,isoleucine,C:\Users\moval\Documents\PhD\Raman\enzycell\cell\bw\wt||s4,train
CB_BW_ile_7.txt,isoleucine,C:\Users\moval\Documents\PhD\Raman\enzycell\cell\bw\wt||s4,train
CB_BW_ile_8.txt,isoleucine,C:\Users\moval\Documents\PhD\Raman\enzycell\cell\bw\wt||s4,train
CB_BW_ile_9.txt,isoleucine,C:\Users\moval\Documents\PhD\Raman\enzycell\cell\bw\wt||s4,train
CB_BW_ile_10.txt,isoleucine,C:\Users\moval\Documents\PhD\Raman\enzycell\cell\bw\wt||s4,train
Cell_BW_ile_11.txt,isoleucine,C:\Users\moval\Documents\PhD\Raman\enzycell\cell\bw\wt||s4_I2,test
Cell_BW_ile_12.txt,isoleucine,C:\Users\moval\Documents\PhD\Raman\enzycell\cell\bw\wt||s4_I2,test
Cell_BW_ile_13.txt,isoleucine,C:\Users\moval\Documents\PhD\Raman\enzycell\cell\bw\wt||s4_I2,test
Cell_BW_ile_14.txt,isoleucine,C:\Users\moval\Documents\PhD\Raman\enzycell\cell\bw\wt||s4_I2,test
Cell_BW_ile_15.txt,isoleucine,C:\Users\moval\Documents\PhD\Raman\enzycell\cell\bw\wt||s4_I2,test
Cell_BW_ile_16.txt,isoleucine,C:\Users\moval\Documents\PhD\Raman\enzycell\cell\bw\wt||s4_I2,test
Cell_BW_ile_17.txt,isoleucine,C:\Users\moval\Documents\PhD\Raman\enzycell\cell\bw\wt||s4_I2,test
Cell_BW_ile_18.txt,isoleucine,C:\Users\moval\Documents\PhD\Raman\enzycell\cell\bw\wt||s4_I2,test
Cell_BW_ile_19.txt,isoleucine,C:\Users\moval\Documents\PhD\Raman\enzycell\cell\bw\wt||s4_I2,test
Cell_BW_ile_20.txt,isoleucine,C:\Users\moval\Documents\PhD\Raman\enzycell\cell\bw\wt||s4_I2,test
CB_536_ile_1.txt,isoleucine,C:\Users\moval\Documents\PhD\Raman\enzycell\cell\536\wt||s3,train
CB_536_ile_2.txt,isoleucine,C:\Users\moval\Documents\PhD\Raman\enzycell\cell\536\wt||s3,train
CB_536_ile_3.txt,isoleucine,C:\Users\moval\Documents\PhD\Raman\enzycell\cell\536\wt||s3,train
CB_536_ile_4.txt,isoleucine,C:\Users\moval\Documents\PhD\Raman\enzycell\cell\536\wt||s3,train
CB_536_ile_5.txt,isoleucine,C:\Users\moval\Documents\PhD\Raman\enzycell\cell\536\wt||s3,train
Cell_536_ile_1.txt,isoleucine,C:\Users\moval\Documents\PhD\Raman\enzycell\cell\536\wt||s3_WT_I,train
Cell_536_ile_2.txt,isoleucine,C:\Users\moval\Documents\PhD\Raman\enzycell\cell\536\wt||s3_WT_I,train
Cell_536_ile_3.txt,isoleucine,C:\Users\moval\Documents\PhD\Raman\enzycell\cell\536\wt||s3_WT_I,train
Cell_536_ile_4.txt,isoleucine,C:\Users\moval\Documents\PhD\Raman\enzycell\cell\536\wt||s3_WT_I,train
Cell_536_ile_5.txt,isoleucine,C:\Users\moval\Documents\PhD\Raman\enzycell\cell\536\wt||s3_WT_I,train
Cell_536_ile_6.txt,isoleucine,C:\Users\moval\Documents\PhD\Raman\enzycell\cell\536\wt||s3_WT_I,train
Cell_536_ile_7.txt,isoleucine,C:\Users\moval\Documents\PhD\Raman\enzycell\cell\536\wt||s3_WT_I,train
Cell_536_ile_8.txt,isoleucine,C:\Users\moval\Documents\PhD\Raman\enzycell\cell\536\wt||s3_WT_I,train
Cell_536_ile_9.txt,isoleucine,C:\Users\moval\Documents\PhD\Raman\enzycell\cell\536\wt||s3_WT_I,train
Cell_536_ile_10.txt,isoleucine,C:\Users\moval\Documents\PhD\Raman\enzycell\cell\536\wt||s3_WT_I,train
Cell_BW_leu_1.txt,leucine,C:\Users\moval\Documents\PhD\Raman\enzycell\cell\bw\wt||s9_WT_LE,train
Cell_BW_leu_2.txt,leucine,C:\Users\moval\Documents\PhD\Raman\enzycell\cell\bw\wt||s9_WT_LE,train
Cell_BW_leu_3.txt,leucine,C:\Users\moval\Documents\PhD\Raman\enzycell\cell\bw\wt||s9_WT_LE,train
Cell_BW_leu_4.txt,leucine,C:\Users\moval\Documents\PhD\Raman\enzycell\cell\bw\wt||s9_WT_LE,train
Cell_BW_leu_5.txt,leucine,C:\Users\moval\Documents\PhD\Raman\enzycell\cell\bw\wt||s9_WT_LE,train
Cell_BW_leu_6.txt,leucine,C:\Users\moval\Documents\PhD\Raman\enzycell\cell\bw\wt||s9_WT_LE,train
Cell_BW_leu_7.txt,leucine,C:\Users\moval\Documents\PhD\Raman\enzycell\cell\bw\wt||s9_WT_LE,train
Cell_BW_leu_8.txt,leucine,C:\Users\moval\Documents\PhD\Raman\enzycell\cell\bw\wt||s9_WT_LE,train
Cell_BW_leu_9.txt,leucine,C:\Users\moval\Documents\PhD\Raman\enzycell\cell\bw\wt||s9_WT_LE,train
Cell_BW_leu_10.txt,leucine,C:\Users\moval\Documents\PhD\Raman\enzycell\cell\bw\wt||s9_WT_LE,train
CB_BW_leu_1.txt,leucine,C:\Users\moval\Documents\PhD\Raman\enzycell\cell\bw\wt\add||s9,train
CB_BW_leu_2.txt,leucine,C:\Users\moval\Documents\PhD\Raman\enzycell\cell\bw\wt\add||s9,train
CB_BW_leu_3.txt,leucine,C:\Users\moval\Documents\PhD\Raman\enzycell\cell\bw\wt\add||s9,train
CB_BW_leu_4.txt,leucine,C:\Users\moval\Documents\PhD\Raman\enzycell\cell\bw\wt\add||s9,train
CB_BW_leu_5.txt,leucine,C:\Users\moval\Documents\PhD\Raman\enzycell\cell\bw\wt\add||s9,train
Cell_BW_leu_11.txt,leucine,C:\Users\moval\Documents\PhD\Raman\enzycell\cell\bw\wt\add||s9_WT_LE,test
Cell_BW_leu_12.txt,leucine,C:\Users\moval\Documents\PhD\Raman\enzycell\cell\bw\wt\add||s9_WT_LE,test
Cell_BW_leu_13.txt,leucine,C:\Users\moval\Documents\PhD\Raman\enzycell\cell\bw\wt\add||s9_WT_LE,test
Cell_BW_leu_14.txt,leucine,C:\Users\moval\Documents\PhD\Raman\enzycell\cell\bw\wt\add||s9_WT_LE,test
Cell_BW_leu_15.txt,leucine,C:\Users\moval\Documents\PhD\Raman\enzycell\cell\bw\wt\add||s9_WT_LE,test
Cell_BW_leu_16.txt,leucine,C:\Users\moval\Documents\PhD\Raman\enzycell\cell\bw\wt\add||s9_WT_LE,test
Cell_BW_leu_17.txt,leucine,C:\Users\moval\Documents\PhD\Raman\enzycell\cell\bw\wt\add||s9_WT_LE,test
Cell_BW_leu_18.txt,leucine,C:\Users\moval\Documents\PhD\Raman\enzycell\cell\bw\wt\add||s9_WT_LE,test
Cell_BW_leu_19.txt,leucine,C:\Users\moval\Documents\PhD\Raman\enzycell\cell\bw\wt\add||s9_WT_LE,test
Cell_BW_leu_20.txt,leucine,C:\Users\moval\Documents\PhD\Raman\enzycell\cell\bw\wt\add||s9_WT_LE,test
CB_536_leu_1.txt,leucine,C:\Users\moval\Documents\PhD\Raman\enzycell\cell\536\wt\add||s07,train
CB_536_leu_2.txt,leucine,C:\Users\moval\Documents\PhD\Raman\enzycell\cell\536\wt\add||s07,train
CB_536_leu_3.txt,leucine,C:\Users\moval\Documents\PhD\Raman\enzycell\cell\536\wt\add||s07,train
CB_536_leu_4.txt,leucine,C:\Users\moval\Documents\PhD\Raman\enzycell\cell\536\wt\add||s07,train
CB_536_leu_5.txt,leucine,C:\Users\moval\Documents\PhD\Raman\enzycell\cell\536\wt\add||s07,train
Cell_536_leu_1.txt,leucine,C:\Users\moval\Documents\PhD\Raman\enzycell\cell\536\wt\add||s07_WT_LE,train
Cell_536_leu_2.txt,leucine,C:\Users\moval\Documents\PhD\Raman\enzycell\cell\536\wt\add||s07_WT_LE,train
Cell_536_leu_3.txt,leucine,C:\Users\moval\Documents\PhD\Raman\enzycell\cell\536\wt\add||s07_WT_LE,train
Cell_536_leu_4.txt,leucine,C:\Users\moval\Documents\PhD\Raman\enzycell\cell\536\wt\add||s07_WT_LE,train
Cell_536_leu_5.txt,leucine,C:\Users\moval\Documents\PhD\Raman\enzycell\cell\536\wt\add||s07_WT_LE,train
Cell_536_leu_6.txt,leucine,C:\Users\moval\Documents\PhD\Raman\enzycell\cell\536\wt\add||s07_WT_LE,train
Cell_536_leu_7.txt,leucine,C:\Users\moval\Documents\PhD\Raman\enzycell\cell\536\wt\add||s07_WT_LE,train
Cell_536_leu_8.txt,leucine,C:\Users\moval\Documents\PhD\Raman\enzycell\cell\536\wt\add||s07_WT_LE,train
Cell_536_leu_9.txt,leucine,C:\Users\moval\Documents\PhD\Raman\enzycell\cell\536\wt\add||s07_WT_LE,train
Cell_536_leu_10.txt,leucine,C:\Users\moval\Documents\PhD\Raman\enzycell\cell\536\wt\add||s07_WT_LE,train
Cell_BW_lys_1.txt,lysine,C:\Users\moval\Documents\PhD\Raman\enzycell\cell\bw\wt||s10_WT_LY,test
Cell_BW_lys_2.txt,lysine,C:\Users\moval\Documents\PhD\Raman\enzycell\cell\bw\wt||s10_WT_LY,test
Cell_BW_lys_3.txt,lysine,C:\Users\moval\Documents\PhD\Raman\enzycell\cell\bw\wt||s10_WT_LY,test
Cell_BW_lys_4.txt,lysine,C:\Users\moval\Documents\PhD\Raman\enzycell\cell\bw\wt||s10_WT_LY,test
Cell_BW_lys_5.txt,lysine,C:\Users\moval\Documents\PhD\Raman\enzycell\cell\bw\wt||s10_WT_LY,test
Cell_BW_lys_6.txt,lysine,C:\Users\moval\Documents\PhD\Raman\enzycell\cell\bw\wt||s10_WT_LY,test
Cell_BW_lys_7.txt,lysine,C:\Users\moval\Documents\PhD\Raman\enzycell\cell\bw\wt||s10_WT_LY,test
Cell_BW_lys_8.txt,lysine,C:\Users\moval\Documents\PhD\Raman\enzycell\cell\bw\wt||s10_WT_LY,test
Cell_BW_lys_9.txt,lysine,C:\Users\moval\Documents\PhD\Raman\enzycell\cell\bw\wt||s10_WT_LY,test
Cell_BW_lys_10.txt,lysine,C:\Users\moval\Documents\PhD\Raman\enzycell\cell\bw\wt||s10_WT_LY,test
CB_BW_lys_1.txt,lysine,C:\Users\moval\Documents\PhD\Raman\enzycell\cell\bw\wt\add||s10,train
CB_BW_lys_2.txt,lysine,C:\Users\moval\Documents\PhD\Raman\enzycell\cell\bw\wt\add||s10,train
CB_BW_lys_3.txt,lysine,C:\Users\moval\Documents\PhD\Raman\enzycell\cell\bw\wt\add||s10,train
CB_BW_lys_4.txt,lysine,C:\Users\moval\Documents\PhD\Raman\enzycell\cell\bw\wt\add||s10,train
CB_BW_lys_5.txt,lysine,C:\Users\moval\Documents\PhD\Raman\enzycell\cell\bw\wt\add||s10,train
Cell_BW_lys_11.txt,lysine,C:\Users\moval\Documents\PhD\Raman\enzycell\cell\bw\wt\add||s10_WT_LY,train
Cell_BW_lys_12.txt,lysine,C:\Users\moval\Documents\PhD\Raman\enzycell\cell\bw\wt\add||s10_WT_LY,train
Cell_BW_lys_13.txt,lysine,C:\Users\moval\Documents\PhD\Raman\enzycell\cell\bw\wt\add||s10_WT_LY,train
Cell_BW_lys_14.txt,lysine,C:\Users\moval\Documents\PhD\Raman\enzycell\cell\bw\wt\add||s10_WT_LY,train
Cell_BW_lys_15.txt,lysine,C:\Users\moval\Documents\PhD\Raman\enzycell\cell\bw\wt\add||s10_WT_LY,train
Cell_BW_lys_16.txt,lysine,C:\Users\moval\Documents\PhD\Raman\enzycell\cell\bw\wt\add||s10_WT_LY,train
Cell_BW_lys_17.txt,lysine,C:\Users\moval\Documents\PhD\Raman\enzycell\cell\bw\wt\add||s10_WT_LY,train
Cell_BW_lys_18.txt,lysine,C:\Users\moval\Documents\PhD\Raman\enzycell\cell\bw\wt\add||s10_WT_LY,train
Cell_BW_lys_19.txt,lysine,C:\Users\moval\Documents\PhD\Raman\enzycell\cell\bw\wt\add||s10_WT_LY,train
Cell_BW_lys_20.txt,lysine,C:\Users\moval\Documents\PhD\Raman\enzycell\cell\bw\wt\add||s10_WT_LY,train
CB_536_lys_1.txt,lysine,C:\Users\moval\Documents\PhD\Raman\enzycell\cell\536\wt\add||s08,train
CB_536_lys_2.txt,lysine,C:\Users\moval\Documents\PhD\Raman\enzycell\cell\536\wt\add||s08,train
CB_536_lys_3.txt,lysine,C:\Users\moval\Documents\PhD\Raman\enzycell\cell\536\wt\add||s08,train
CB_536_lys_4.txt,lysine,C:\Users\moval\Documents\PhD\Raman\enzycell\cell\536\wt\add||s08,train
CB_536_lys_5.txt,lysine,C:\Users\moval\Documents\PhD\Raman\enzycell\cell\536\wt\add||s08,train
Cell_536_lys_1.txt,lysine,C:\Users\moval\Documents\PhD\Raman\enzycell\cell\536\wt\add||s08_WT_LY,train
Cell_536_lys_2.txt,lysine,C:\Users\moval\Documents\PhD\Raman\enzycell\cell\536\wt\add||s08_WT_LY,train
Cell_536_lys_3.txt,lysine,C:\Users\moval\Documents\PhD\Raman\enzycell\cell\536\wt\add||s08_WT_LY,train
Cell_536_lys_4.txt,lysine,C:\Users\moval\Documents\PhD\Raman\enzycell\cell\536\wt\add||s08_WT_LY,train
Cell_536_lys_5.txt,lysine,C:\Users\moval\Documents\PhD\Raman\enzycell\cell\536\wt\add||s08_WT_LY,train
Cell_536_lys_6.txt,lysine,C:\Users\moval\Documents\PhD\Raman\enzycell\cell\536\wt\add||s08_WT_LY,train
Cell_536_lys_7.txt,lysine,C:\Users\moval\Documents\PhD\Raman\enzycell\cell\536\wt\add||s08_WT_LY,train
Cell_536_lys_8.txt,lysine,C:\Users\moval\Documents\PhD\Raman\enzycell\cell\536\wt\add||s08_WT_LY,train
Cell_536_lys_9.txt,lysine,C:\Users\moval\Documents\PhD\Raman\enzycell\cell\536\wt\add||s08_WT_LY,train
Cell_536_lys_10.txt,lysine,C:\Users\moval\Documents\PhD\Raman\enzycell\cell\536\wt\add||s08_WT_LY,train
CB_BW_met_1.txt,methionine,C:\Users\moval\Documents\PhD\Raman\enzycell\cell\bw\wt||s13,train
CB_BW_met_2.txt,methionine,C:\Users\moval\Documents\PhD\Raman\enzycell\cell\bw\wt||s13,train
CB_BW_met_3.txt,methionine,C:\Users\moval\Documents\PhD\Raman\enzycell\cell\bw\wt||s13,train
CB_BW_met_4.txt,methionine,C:\Users\moval\Documents\PhD\Raman\enzycell\cell\bw\wt||s13,train
CB_BW_met_5.txt,methionine,C:\Users\moval\Documents\PhD\Raman\enzycell\cell\bw\wt||s13,train
Cell_BW_met_1.txt,methionine,C:\Users\moval\Documents\PhD\Raman\enzycell\cell\bw\wt||s13_M1,train
Cell_BW_met_2.txt,methionine,C:\Users\moval\Documents\PhD\Raman\enzycell\cell\bw\wt||s13_M1,train
Cell_BW_met_3.txt,methionine,C:\Users\moval\Documents\PhD\Raman\enzycell\cell\bw\wt||s13_M1,train
Cell_BW_met_4.txt,methionine,C:\Users\moval\Documents\PhD\Raman\enzycell\cell\bw\wt||s13_M1,train
Cell_BW_met_5.txt,methionine,C:\Users\moval\Documents\PhD\Raman\enzycell\cell\bw\wt||s13_M1,train
Cell_BW_met_6.txt,methionine,C:\Users\moval\Documents\PhD\Raman\enzycell\cell\bw\wt||s13_M1,train
Cell_BW_met_7.txt,methionine,C:\Users\moval\Documents\PhD\Raman\enzycell\cell\bw\wt||s13_M1,train
Cell_BW_met_8.txt,methionine,C:\Users\moval\Documents\PhD\Raman\enzycell\cell\bw\wt||s13_M1,train
Cell_BW_met_9.txt,methionine,C:\Users\moval\Documents\PhD\Raman\enzycell\cell\bw\wt||s13_M1,train
Cell_BW_met_10.txt,methionine,C:\Users\moval\Documents\PhD\Raman\enzycell\cell\bw\wt||s13_M1,train
CB_BW_met_6.txt,methionine,C:\Users\moval\Documents\PhD\Raman\enzycell\cell\bw\wt||s14,train
CB_BW_met_7.txt,methionine,C:\Users\moval\Documents\PhD\Raman\enzycell\cell\bw\wt||s14,train
CB_BW_met_8.txt,methionine,C:\Users\moval\Documents\PhD\Raman\enzycell\cell\bw\wt||s14,train
CB_BW_met_9.txt,methionine,C:\Users\moval\Documents\PhD\Raman\enzycell\cell\bw\wt||s14,train
CB_BW_met_10.txt,methionine,C:\Users\moval\Documents\PhD\Raman\enzycell\cell\bw\wt||s14,train
Cell_BW_met_11.txt,methionine,C:\Users\moval\Documents\PhD\Raman\enzycell\cell\bw\wt||s14_M2,train
Cell_BW_met_12.txt,methionine,C:\Users\moval\Documents\PhD\Raman\enzycell\cell\bw\wt||s14_M2,train
Cell_BW_met_13.txt,methionine,C:\Users\moval\Documents\PhD\Raman\enzycell\cell\bw\wt||s14_M2,train
Cell_BW_met_14.txt,methionine,C:\Users\moval\Documents\PhD\Raman\enzycell\cell\bw\wt||s14_M2,train
Cell_BW_met_15.txt,methionine,C:\Users\moval\Documents\PhD\Raman\enzycell\cell\bw\wt||s14_M2,train
Cell_BW_met_16.txt,methionine,C:\Users\moval\Documents\PhD\Raman\enzycell\cell\bw\wt||s14_M2,train
Cell_BW_met_17.txt,methionine,C:\Users\moval\Documents\PhD\Raman\enzycell\cell\bw\wt||s14_M2,train
Cell_BW_met_18.txt,methionine,C:\Users\moval\Documents\PhD\Raman\enzycell\cell\bw\wt||s14_M2,train
Cell_BW_met_19.txt,methionine,C:\Users\moval\Documents\PhD\Raman\enzycell\cell\bw\wt||s14_M2,train
Cell_BW_met_20.txt,methionine,C:\Users\moval\Documents\PhD\Raman\enzycell\cell\bw\wt||s14_M2,train
CB_536_met_1.txt,methionine,C:\Users\moval\Documents\PhD\Raman\enzycell\cell\536\wt||s8,train
CB_536_met_2.txt,methionine,C:\Users\moval\Documents\PhD\Raman\enzycell\cell\536\wt||s8,train
CB_536_met_3.txt,methionine,C:\Users\moval\Documents\PhD\Raman\enzycell\cell\536\wt||s8,train
CB_536_met_4.txt,methionine,C:\Users\moval\Documents\PhD\Raman\enzycell\cell\536\wt||s8,train
CB_536_met_5.txt,methionine,C:\Users\moval\Documents\PhD\Raman\enzycell\cell\536\wt||s8,train
Cell_536_met_1.txt,methionine,C:\Users\moval\Documents\PhD\Raman\enzycell\cell\536\wt||s8_WT_M,test
Cell_536_met_2.txt,methionine,C:\Users\moval\Documents\PhD\Raman\enzycell\cell\536\wt||s8_WT_M,test
Cell_536_met_3.txt,methionine,C:\Users\moval\Documents\PhD\Raman\enzycell\cell\536\wt||s8_WT_M,test
Cell_536_met_4.txt,methionine,C:\Users\moval\Documents\PhD\Raman\enzycell\cell\536\wt||s8_WT_M,test
Cell_536_met_5.txt,methionine,C:\Users\moval\Documents\PhD\Raman\enzycell\cell\536\wt||s8_WT_M,test
Cell_536_met_6.txt,methionine,C:\Users\moval\Documents\PhD\Raman\enzycell\cell\536\wt||s8_WT_M,test
Cell_536_met_7.txt,methionine,C:\Users\moval\Documents\PhD\Raman\enzycell\cell\536\wt||s8_WT_M,test
Cell_536_met_8.txt,methionine,C:\Users\moval\Documents\PhD\Raman\enzycell\cell\536\wt||s8_WT_M,test
Cell_536_met_9.txt,methionine,C:\Users\moval\Documents\PhD\Raman\enzycell\cell\536\wt||s8_WT_M,test
Cell_536_met_10.txt,methionine,C:\Users\moval\Documents\PhD\Raman\enzycell\cell\536\wt||s8_WT_M,test
Cell_BW_phe_1.txt,phenylalanine,C:\Users\moval\Documents\PhD\Raman\enzycell\cell\bw\wt||s11_WT_PH,train
Cell_BW_phe_2.txt,phenylalanine,C:\Users\moval\Documents\PhD\Raman\enzycell\cell\bw\wt||s11_WT_PH,train
Cell_BW_phe_3.txt,phenylalanine,C:\Users\moval\Documents\PhD\Raman\enzycell\cell\bw\wt||s11_WT_PH,train
Cell_BW_phe_4.txt,phenylalanine,C:\Users\moval\Documents\PhD\Raman\enzycell\cell\bw\wt||s11_WT_PH,train
Cell_BW_phe_5.txt,phenylalanine,C:\Users\moval\Documents\PhD\Raman\enzycell\cell\bw\wt||s11_WT_PH,train
Cell_BW_phe_6.txt,phenylalanine,C:\Users\moval\Documents\PhD\Raman\enzycell\cell\bw\wt||s11_WT_PH,train
Cell_BW_phe_7.txt,phenylalanine,C:\Users\moval\Documents\PhD\Raman\enzycell\cell\bw\wt||s11_WT_PH,train
Cell_BW_phe_8.txt,phenylalanine,C:\Users\moval\Documents\PhD\Raman\enzycell\cell\bw\wt||s11_WT_PH,train
Cell_BW_phe_9.txt,phenylalanine,C:\Users\moval\Documents\PhD\Raman\enzycell\cell\bw\wt||s11_WT_PH,train
Cell_BW_phe_10.txt,phenylalanine,C:\Users\moval\Documents\PhD\Raman\enzycell\cell\bw\wt||s11_WT_PH,train
CB_BW_phe_1.txt,phenylalanine,C:\Users\moval\Documents\PhD\Raman\enzycell\cell\bw\wt\add||s11,test
CB_BW_phe_2.txt,phenylalanine,C:\Users\moval\Documents\PhD\Raman\enzycell\cell\bw\wt\add||s11,test
CB_BW_phe_3.txt,phenylalanine,C:\Users\moval\Documents\PhD\Raman\enzycell\cell\bw\wt\add||s11,test
CB_BW_phe_4.txt,phenylalanine,C:\Users\moval\Documents\PhD\Raman\enzycell\cell\bw\wt\add||s11,test
CB_BW_phe_5.txt,phenylalanine,C:\Users\moval\Documents\PhD\Raman\enzycell\cell\bw\wt\add||s11,test
Cell_BW_phe_11.txt,phenylalanine,C:\Users\moval\Documents\PhD\Raman\enzycell\cell\bw\wt\add||s11_WT_PH,train
Cell_BW_phe_12.txt,phenylalanine,C:\Users\moval\Documents\PhD\Raman\enzycell\cell\bw\wt\add||s11_WT_PH,train
Cell_BW_phe_13.txt,phenylalanine,C:\Users\moval\Documents\PhD\Raman\enzycell\cell\bw\wt\add||s11_WT_PH,train
Cell_BW_phe_14.txt,phenylalanine,C:\Users\moval\Documents\PhD\Raman\enzycell\cell\bw\wt\add||s11_WT_PH,train
Cell_BW_phe_15.txt,phenylalanine,C:\Users\moval\Documents\PhD\Raman\enzycell\cell\bw\wt\add||s11_WT_PH,train
Cell_BW_phe_16.txt,phenylalanine,C:\Users\moval\Documents\PhD\Raman\enzycell\cell\bw\wt\add||s11_WT_PH,train
Cell_BW_phe_17.txt,phenylalanine,C:\Users\moval\Documents\PhD\Raman\enzycell\cell\bw\wt\add||s11_WT_PH,train
Cell_BW_phe_18.txt,phenylalanine,C:\Users\moval\Documents\PhD\Raman\enzycell\cell\bw\wt\add||s11_WT_PH,train
Cell_BW_phe_19.txt,phenylalanine,C:\Users\moval\Documents\PhD\Raman\enzycell\cell\bw\wt\add||s11_WT_PH,train
Cell_BW_phe_20.txt,phenylalanine,C:\Users\moval\Documents\PhD\Raman\enzycell\cell\bw\wt\add||s11_WT_PH,train
CB_536_phe_1.txt,phenylalanine,C:\Users\moval\Documents\PhD\Raman\enzycell\cell\536\wt\add||s09,train
CB_536_phe_2.txt,phenylalanine,C:\Users\moval\Documents\PhD\Raman\enzycell\cell\536\wt\add||s09,train
CB_536_phe_3.txt,phenylalanine,C:\Users\moval\Documents\PhD\Raman\enzycell\cell\536\wt\add||s09,train
CB_536_phe_4.txt,phenylalanine,C:\Users\moval\Documents\PhD\Raman\enzycell\cell\536\wt\add||s09,train
CB_536_phe_5.txt,phenylalanine,C:\Users\moval\Documents\PhD\Raman\enzycell\cell\536\wt\add||s09,train
Cell_536_phe_1.txt,phenylalanine,C:\Users\moval\Documents\PhD\Raman\enzycell\cell\536\wt\add||s09_WT_PH,train
Cell_536_phe_2.txt,phenylalanine,C:\Users\moval\Documents\PhD\Raman\enzycell\cell\536\wt\add||s09_WT_PH,train
Cell_536_phe_3.txt,phenylalanine,C:\Users\moval\Documents\PhD\Raman\enzycell\cell\536\wt\add||s09_WT_PH,train
Cell_536_phe_4.txt,phenylalanine,C:\Users\moval\Documents\PhD\Raman\enzycell\cell\536\wt\add||s09_WT_PH,train
Cell_536_phe_5.txt,phenylalanine,C:\Users\moval\Documents\PhD\Raman\enzycell\cell\536\wt\add||s09_WT_PH,train
Cell_536_phe_6.txt,phenylalanine,C:\Users\moval\Documents\PhD\Raman\enzycell\cell\536\wt\add||s09_WT_PH,train
Cell_536_phe_7.txt,phenylalanine,C:\Users\moval\Documents\PhD\Raman\enzycell\cell\536\wt\add||s09_WT_PH,train
Cell_536_phe_8.txt,phenylalanine,C:\Users\moval\Documents\PhD\Raman\enzycell\cell\536\wt\add||s09_WT_PH,train
Cell_536_phe_9.txt,phenylalanine,C:\Users\moval\Documents\PhD\Raman\enzycell\cell\536\wt\add||s09_WT_PH,train
Cell_536_phe_10.txt,phenylalanine,C:\Users\moval\Documents\PhD\Raman\enzycell\cell\536\wt\add||s09_WT_PH,train
Cell_BW_pro_1.txt,proline,C:\Users\moval\Documents\PhD\Raman\enzycell\cell\bw\wt||s12_WT_PR,test
Cell_BW_pro_2.txt,proline,C:\Users\moval\Documents\PhD\Raman\enzycell\cell\bw\wt||s12_WT_PR,test
Cell_BW_pro_3.txt,proline,C:\Users\moval\Documents\PhD\Raman\enzycell\cell\bw\wt||s12_WT_PR,test
Cell_BW_pro_4.txt,proline,C:\Users\moval\Documents\PhD\Raman\enzycell\cell\bw\wt||s12_WT_PR,test
Cell_BW_pro_5.txt,proline,C:\Users\moval\Documents\PhD\Raman\enzycell\cell\bw\wt||s12_WT_PR,test
Cell_BW_pro_6.txt,proline,C:\Users\moval\Documents\PhD\Raman\enzycell\cell\bw\wt||s12_WT_PR,test
Cell_BW_pro_7.txt,proline,C:\Users\moval\Documents\PhD\Raman\enzycell\cell\bw\wt||s12_WT_PR,test
Cell_BW_pro_8.txt,proline,C:\Users\moval\Documents\PhD\Raman\enzycell\cell\bw\wt||s12_WT_PR,test
Cell_BW_pro_9.txt,proline,C:\Users\moval\Documents\PhD\Raman\enzycell\cell\bw\wt||s12_WT_PR,test
Cell_BW_pro_10.txt,proline,C:\Users\moval\Documents\PhD\Raman\enzycell\cell\bw\wt||s12_WT_PR,test
CB_BW_pro_1.txt,proline,C:\Users\moval\Documents\PhD\Raman\enzycell\cell\bw\wt\add||s12,train
CB_BW_pro_2.txt,proline,C:\Users\moval\Documents\PhD\Raman\enzycell\cell\bw\wt\add||s12,train
CB_BW_pro_3.txt,proline,C:\Users\moval\Documents\PhD\Raman\enzycell\cell\bw\wt\add||s12,train
CB_BW_pro_4.txt,proline,C:\Users\moval\Documents\PhD\Raman\enzycell\cell\bw\wt\add||s12,train
CB_BW_pro_5.txt,proline,C:\Users\moval\Documents\PhD\Raman\enzycell\cell\bw\wt\add||s12,train
Cell_BW_pro_11.txt,proline,C:\Users\moval\Documents\PhD\Raman\enzycell\cell\bw\wt\add||s12_WT_PR,train
Cell_BW_pro_12.txt,proline,C:\Users\moval\Documents\PhD\Raman\enzycell\cell\bw\wt\add||s12_WT_PR,train
Cell_BW_pro_13.txt,proline,C:\Users\moval\Documents\PhD\Raman\enzycell\cell\bw\wt\add||s12_WT_PR,train
Cell_BW_pro_14.txt,proline,C:\Users\moval\Documents\PhD\Raman\enzycell\cell\bw\wt\add||s12_WT_PR,train
Cell_BW_pro_15.txt,proline,C:\Users\moval\Documents\PhD\Raman\enzycell\cell\bw\wt\add||s12_WT_PR,train
Cell_BW_pro_16.txt,proline,C:\Users\moval\Documents\PhD\Raman\enzycell\cell\bw\wt\add||s12_WT_PR,train
Cell_BW_pro_17.txt,proline,C:\Users\moval\Documents\PhD\Raman\enzycell\cell\bw\wt\add||s12_WT_PR,train
Cell_BW_pro_18.txt,proline,C:\Users\moval\Documents\PhD\Raman\enzycell\cell\bw\wt\add||s12_WT_PR,train
Cell_BW_pro_19.txt,proline,C:\Users\moval\Documents\PhD\Raman\enzycell\cell\bw\wt\add||s12_WT_PR,train
Cell_BW_pro_20.txt,proline,C:\Users\moval\Documents\PhD\Raman\enzycell\cell\bw\wt\add||s12_WT_PR,train
CB_536_pro_1.txt,proline,C:\Users\moval\Documents\PhD\Raman\enzycell\cell\536\wt\add||s010,train
CB_536_pro_2.txt,proline,C:\Users\moval\Documents\PhD\Raman\enzycell\cell\536\wt\add||s010,train
CB_536_pro_3.txt,proline,C:\Users\moval\Documents\PhD\Raman\enzycell\cell\536\wt\add||s010,train
CB_536_pro_4.txt,proline,C:\Users\moval\Documents\PhD\Raman\enzycell\cell\536\wt\add||s010,train
CB_536_pro_5.txt,proline,C:\Users\moval\Documents\PhD\Raman\enzycell\cell\536\wt\add||s010,train
Cell_536_pro_1.txt,proline,C:\Users\moval\Documents\PhD\Raman\enzycell\cell\536\wt\add||s010_WT_PR,train
Cell_536_pro_2.txt,proline,C:\Users\moval\Documents\PhD\Raman\enzycell\cell\536\wt\add||s010_WT_PR,train
Cell_536_pro_3.txt,proline,C:\Users\moval\Documents\PhD\Raman\enzycell\cell\536\wt\add||s010_WT_PR,train
Cell_536_pro_4.txt,proline,C:\Users\moval\Documents\PhD\Raman\enzycell\cell\536\wt\add||s010_WT_PR,train
Cell_536_pro_5.txt,proline,C:\Users\moval\Documents\PhD\Raman\enzycell\cell\536\wt\add||s010_WT_PR,train
Cell_536_pro_6.txt,proline,C:\Users\moval\Documents\PhD\Raman\enzycell\cell\536\wt\add||s010_WT_PR,train
Cell_536_pro_7.txt,proline,C:\Users\moval\Documents\PhD\Raman\enzycell\cell\536\wt\add||s010_WT_PR,train
Cell_536_pro_8.txt,proline,C:\Users\moval\Documents\PhD\Raman\enzycell\cell\536\wt\add||s010_WT_PR,train
Cell_536_pro_9.txt,proline,C:\Users\moval\Documents\PhD\Raman\enzycell\cell\536\wt\add||s010_WT_PR,train
Cell_536_pro_10.txt,proline,C:\Users\moval\Documents\PhD\Raman\enzycell\cell\536\wt\add||s010_WT_PR,train
Cell_BW_ser_1.txt,serine,C:\Users\moval\Documents\PhD\Raman\enzycell\cell\bw\wt||s16_WT_Ser,test
Cell_BW_ser_2.txt,serine,C:\Users\moval\Documents\PhD\Raman\enzycell\cell\bw\wt||s16_WT_Ser,test
Cell_BW_ser_3.txt,serine,C:\Users\moval\Documents\PhD\Raman\enzycell\cell\bw\wt||s16_WT_Ser,test
Cell_BW_ser_4.txt,serine,C:\Users\moval\Documents\PhD\Raman\enzycell\cell\bw\wt||s16_WT_Ser,test
Cell_BW_ser_5.txt,serine,C:\Users\moval\Documents\PhD\Raman\enzycell\cell\bw\wt||s16_WT_Ser,test
Cell_BW_ser_6.txt,serine,C:\Users\moval\Documents\PhD\Raman\enzycell\cell\bw\wt||s16_WT_Ser,test
Cell_BW_ser_7.txt,serine,C:\Users\moval\Documents\PhD\Raman\enzycell\cell\bw\wt||s16_WT_Ser,test
Cell_BW_ser_8.txt,serine,C:\Users\moval\Documents\PhD\Raman\enzycell\cell\bw\wt||s16_WT_Ser,test
Cell_BW_ser_9.txt,serine,C:\Users\moval\Documents\PhD\Raman\enzycell\cell\bw\wt||s16_WT_Ser,test
Cell_BW_ser_10.txt,serine,C:\Users\moval\Documents\PhD\Raman\enzycell\cell\bw\wt||s16_WT_Ser,test
CB_BW_ser_1.txt,serine,C:\Users\moval\Documents\PhD\Raman\enzycell\cell\bw\wt||s16ser,train
CB_BW_ser_2.txt,serine,C:\Users\moval\Documents\PhD\Raman\enzycell\cell\bw\wt||s16ser,train
CB_BW_ser_3.txt,serine,C:\Users\moval\Documents\PhD\Raman\enzycell\cell\bw\wt||s16ser,train
CB_BW_ser_4.txt,serine,C:\Users\moval\Documents\PhD\Raman\enzycell\cell\bw\wt||s16ser,train
CB_BW_ser_5.txt,serine,C:\Users\moval\Documents\PhD\Raman\enzycell\cell\bw\wt||s16ser,train
CB_536_ser_1.txt,serine,C:\Users\moval\Documents\PhD\Raman\enzycell\cell\536\wt||s17,train
CB_536_ser_2.txt,serine,C:\Users\moval\Documents\PhD\Raman\enzycell\cell\536\wt||s17,train
CB_536_ser_3.txt,serine,C:\Users\moval\Documents\PhD\Raman\enzycell\cell\536\wt||s17,train
CB_536_ser_4.txt,serine,C:\Users\moval\Documents\PhD\Raman\enzycell\cell\536\wt||s17,train
CB_536_ser_5.txt,serine,C:\Users\moval\Documents\PhD\Raman\enzycell\cell\536\wt||s17,train
Cell_536_ser_1.txt,serine,C:\Users\moval\Documents\PhD\Raman\enzycell\cell\536\wt||s17_WT_SE,train
Cell_536_ser_2.txt,serine,C:\Users\moval\Documents\PhD\Raman\enzycell\cell\536\wt||s17_WT_SE,train
Cell_536_ser_3.txt,serine,C:\Users\moval\Documents\PhD\Raman\enzycell\cell\536\wt||s17_WT_SE,train
Cell_536_ser_4.txt,serine,C:\Users\moval\Documents\PhD\Raman\enzycell\cell\536\wt||s17_WT_SE,train
Cell_536_ser_5.txt,serine,C:\Users\moval\Documents\PhD\Raman\enzycell\cell\536\wt||s17_WT_SE,train
Cell_536_ser_6.txt,serine,C:\Users\moval\Documents\PhD\Raman\enzycell\cell\536\wt||s17_WT_SE,train
Cell_536_ser_7.txt,serine,C:\Users\moval\Documents\PhD\Raman\enzycell\cell\536\wt||s17_WT_SE,train
Cell_536_ser_8.txt,serine,C:\Users\moval\Documents\PhD\Raman\enzycell\cell\536\wt||s17_WT_SE,train
Cell_536_ser_9.txt,serine,C:\Users\moval\Documents\PhD\Raman\enzycell\cell\536\wt||s17_WT_SE,train
Cell_536_ser_10.txt,serine,C:\Users\moval\Documents\PhD\Raman\enzycell\cell\536\wt||s17_WT_SE,train
Cell_BW_thr_1.txt,threonine,C:\Users\moval\Documents\PhD\Raman\enzycell\cell\bw\wt||s13_WT_TH,train
Cell_BW_thr_2.txt,threonine,C:\Users\moval\Documents\PhD\Raman\enzycell\cell\bw\wt||s13_WT_TH,train
Cell_BW_thr_3.txt,threonine,C:\Users\moval\Documents\PhD\Raman\enzycell\cell\bw\wt||s13_WT_TH,train
Cell_BW_thr_4.txt,threonine,C:\Users\moval\Documents\PhD\Raman\enzycell\cell\bw\wt||s13_WT_TH,train
Cell_BW_thr_5.txt,threonine,C:\Users\moval\Documents\PhD\Raman\enzycell\cell\bw\wt||s13_WT_TH,train
Cell_BW_thr_6.txt,threonine,C:\Users\moval\Documents\PhD\Raman\enzycell\cell\bw\wt||s13_WT_TH,train
Cell_BW_thr_7.txt,threonine,C:\Users\moval\Documents\PhD\Raman\enzycell\cell\bw\wt||s13_WT_TH,train
Cell_BW_thr_8.txt,threonine,C:\Users\moval\Documents\PhD\Raman\enzycell\cell\bw\wt||s13_WT_TH,train
Cell_BW_thr_9.txt,threonine,C:\Users\moval\Documents\PhD\Raman\enzycell\cell\bw\wt||s13_WT_TH,train
Cell_BW_thr_10.txt,threonine,C:\Users\moval\Documents\PhD\Raman\enzycell\cell\bw\wt||s13_WT_TH,train
CB_BW_thr_1.txt,threonine,C:\Users\moval\Documents\PhD\Raman\enzycell\cell\bw\wt\add||s13,train
CB_BW_thr_2.txt,threonine,C:\Users\moval\Documents\PhD\Raman\enzycell\cell\bw\wt\add||s13,train
CB_BW_thr_3.txt,threonine,C:\Users\moval\Documents\PhD\Raman\enzycell\cell\bw\wt\add||s13,train
CB_BW_thr_4.txt,threonine,C:\Users\moval\Documents\PhD\Raman\enzycell\cell\bw\wt\add||s13,train
CB_BW_thr_5.txt,threonine,C:\Users\moval\Documents\PhD\Raman\enzycell\cell\bw\wt\add||s13,train
Cell_BW_thr_11.txt,threonine,C:\Users\moval\Documents\PhD\Raman\enzycell\cell\bw\wt\add||s13_WT_TH,train
Cell_BW_thr_12.txt,threonine,C:\Users\moval\Documents\PhD\Raman\enzycell\cell\bw\wt\add||s13_WT_TH,train
Cell_BW_thr_13.txt,threonine,C:\Users\moval\Documents\PhD\Raman\enzycell\cell\bw\wt\add||s13_WT_TH,train
Cell_BW_thr_14.txt,threonine,C:\Users\moval\Documents\PhD\Raman\enzycell\cell\bw\wt\add||s13_WT_TH,train
Cell_BW_thr_15.txt,threonine,C:\Users\moval\Documents\PhD\Raman\enzycell\cell\bw\wt\add||s13_WT_TH,train
Cell_BW_thr_16.txt,threonine,C:\Users\moval\Documents\PhD\Raman\enzycell\cell\bw\wt\add||s13_WT_TH,train
Cell_BW_thr_17.txt,threonine,C:\Users\moval\Documents\PhD\Raman\enzycell\cell\bw\wt\add||s13_WT_TH,train
Cell_BW_thr_18.txt,threonine,C:\Users\moval\Documents\PhD\Raman\enzycell\cell\bw\wt\add||s13_WT_TH,train
Cell_BW_thr_19.txt,threonine,C:\Users\moval\Documents\PhD\Raman\enzycell\cell\bw\wt\add||s13_WT_TH,train
Cell_BW_thr_20.txt,threonine,C:\Users\moval\Documents\PhD\Raman\enzycell\cell\bw\wt\add||s13_WT_TH,train
CB_536_thr_1.txt,threonine,C:\Users\moval\Documents\PhD\Raman\enzycell\cell\536\wt\add||s011,train
CB_536_thr_2.txt,threonine,C:\Users\moval\Documents\PhD\Raman\enzycell\cell\536\wt\add||s011,train
CB_536_thr_3.txt,threonine,C:\Users\moval\Documents\PhD\Raman\enzycell\cell\536\wt\add||s011,train
CB_536_thr_4.txt,threonine,C:\Users\moval\Documents\PhD\Raman\enzycell\cell\536\wt\add||s011,train
CB_536_thr_5.txt,threonine,C:\Users\moval\Documents\PhD\Raman\enzycell\cell\536\wt\add||s011,train
Cell_536_thr_1.txt,threonine,C:\Users\moval\Documents\PhD\Raman\enzycell\cell\536\wt\add||s011_WT_TH,test
Cell_536_thr_2.txt,threonine,C:\Users\moval\Documents\PhD\Raman\enzycell\cell\536\wt\add||s011_WT_TH,test
Cell_536_thr_3.txt,threonine,C:\Users\moval\Documents\PhD\Raman\enzycell\cell\536\wt\add||s011_WT_TH,test
Cell_536_thr_4.txt,threonine,C:\Users\moval\Documents\PhD\Raman\enzycell\cell\536\wt\add||s011_WT_TH,test
Cell_536_thr_5.txt,threonine,C:\Users\moval\Documents\PhD\Raman\enzycell\cell\536\wt\add||s011_WT_TH,test
Cell_536_thr_6.txt,threonine,C:\Users\moval\Documents\PhD\Raman\enzycell\cell\536\wt\add||s011_WT_TH,test
Cell_536_thr_7.txt,threonine,C:\Users\moval\Documents\PhD\Raman\enzycell\cell\536\wt\add||s011_WT_TH,test
Cell_536_thr_8.txt,threonine,C:\Users\moval\Documents\PhD\Raman\enzycell\cell\536\wt\add||s011_WT_TH,test
Cell_536_thr_9.txt,threonine,C:\Users\moval\Documents\PhD\Raman\enzycell\cell\536\wt\add||s011_WT_TH,test
Cell_536_thr_10.txt,threonine,C:\Users\moval\Documents\PhD\Raman\enzycell\cell\536\wt\add||s011_WT_TH,test
Cell_BW_trp_1.txt,tryptophan,C:\Users\moval\Documents\PhD\Raman\enzycell\cell\bw\wt||s6_WT_T22,train
Cell_BW_trp_2.txt,tryptophan,C:\Users\moval\Documents\PhD\Raman\enzycell\cell\bw\wt||s6_WT_T22,train
Cell_BW_trp_3.txt,tryptophan,C:\Users\moval\Documents\PhD\Raman\enzycell\cell\bw\wt||s6_WT_T22,train
Cell_BW_trp_4.txt,tryptophan,C:\Users\moval\Documents\PhD\Raman\enzycell\cell\bw\wt||s6_WT_T22,train
Cell_BW_trp_5.txt,tryptophan,C:\Users\moval\Documents\PhD\Raman\enzycell\cell\bw\wt||s6_WT_T22,train
Cell_BW_trp_6.txt,tryptophan,C:\Users\moval\Documents\PhD\Raman\enzycell\cell\bw\wt||s6_WT_T22,train
Cell_BW_trp_7.txt,tryptophan,C:\Users\moval\Documents\PhD\Raman\enzycell\cell\bw\wt||s6_WT_T22,train
Cell_BW_trp_8.txt,tryptophan,C:\Users\moval\Documents\PhD\Raman\enzycell\cell\bw\wt||s6_WT_T22,train
Cell_BW_trp_9.txt,tryptophan,C:\Users\moval\Documents\PhD\Raman\enzycell\cell\bw\wt||s6_WT_T22,train
Cell_BW_trp_10.txt,tryptophan,C:\Users\moval\Documents\PhD\Raman\enzycell\cell\bw\wt||s6_WT_T22,train
CB_BW_trp_1.txt,tryptophan,C:\Users\moval\Documents\PhD\Raman\enzycell\cell\bw\wt||s6t,train
CB_BW_trp_2.txt,tryptophan,C:\Users\moval\Documents\PhD\Raman\enzycell\cell\bw\wt||s6t,train
CB_BW_trp_3.txt,tryptophan,C:\Users\moval\Documents\PhD\Raman\enzycell\cell\bw\wt||s6t,train
CB_BW_trp_4.txt,tryptophan,C:\Users\moval\Documents\PhD\Raman\enzycell\cell\bw\wt||s6t,train
CB_BW_trp_5.txt,tryptophan,C:\Users\moval\Documents\PhD\Raman\enzycell\cell\bw\wt||s6t,train
CB_536_trp_1.txt,tryptophan,C:\Users\moval\Documents\PhD\Raman\enzycell\cell\536\wt||s15,train
CB_536_trp_2.txt,tryptophan,C:\Users\moval\Documents\PhD\Raman\enzycell\cell\536\wt||s15,train
CB_536_trp_3.txt,tryptophan,C:\Users\moval\Documents\PhD\Raman\enzycell\cell\536\wt||s15,train
CB_536_trp_4.txt,tryptophan,C:\Users\moval\Documents\PhD\Raman\enzycell\cell\536\wt||s15,train
CB_536_trp_5.txt,tryptophan,C:\Users\moval\Documents\PhD\Raman\enzycell\cell\536\wt||s15,train
Cell_536_trp_1.txt,tryptophan,C:\Users\moval\Documents\PhD\Raman\enzycell\cell\536\wt||s15_WT_TR,test
Cell_536_trp_2.txt,tryptophan,C:\Users\moval\Documents\PhD\Raman\enzycell\cell\536\wt||s15_WT_TR,test
Cell_536_trp_3.txt,tryptophan,C:\Users\moval\Documents\PhD\Raman\enzycell\cell\536\wt||s15_WT_TR,test
Cell_536_trp_4.txt,tryptophan,C:\Users\moval\Documents\PhD\Raman\enzycell\cell\536\wt||s15_WT_TR,test
Cell_536_trp_5.txt,tryptophan,C:\Users\moval\Documents\PhD\Raman\enzycell\cell\536\wt||s15_WT_TR,test
Cell_536_trp_6.txt,tryptophan,C:\Users\moval\Documents\PhD\Raman\enzycell\cell\536\wt||s15_WT_TR,test
Cell_536_trp_7.txt,tryptophan,C:\Users\moval\Documents\PhD\Raman\enzycell\cell\536\wt||s15_WT_TR,test
Cell_536_trp_8.txt,tryptophan,C:\Users\moval\Documents\PhD\Raman\enzycell\cell\536\wt||s15_WT_TR,test
Cell_536_trp_9.txt,tryptophan,C:\Users\moval\Documents\PhD\Raman\enzycell\cell\536\wt||s15_WT_TR,test
Cell_536_trp_10.txt,tryptophan,C:\Users\moval\Documents\PhD\Raman\enzycell\cell\536\wt||s15_WT_TR,test
CB_BW_tyr_1.txt,tyrosine,C:\Users\moval\Documents\PhD\Raman\enzycell\cell\bw\wt||s7,train
CB_BW_tyr_2.txt,tyrosine,C:\Users\moval\Documents\PhD\Raman\enzycell\cell\bw\wt||s7,train
CB_BW_tyr_3.txt,tyrosine,C:\Users\moval\Documents\PhD\Raman\enzycell\cell\bw\wt||s7,train
CB_BW_tyr_4.txt,tyrosine,C:\Users\moval\Documents\PhD\Raman\enzycell\cell\bw\wt||s7,train
CB_BW_tyr_5.txt,tyrosine,C:\Users\moval\Documents\PhD\Raman\enzycell\cell\bw\wt||s7,train
Cell_BW_tyr_1.txt,tyrosine,C:\Users\moval\Documents\PhD\Raman\enzycell\cell\bw\wt||s7_T1,train
Cell_BW_tyr_2.txt,tyrosine,C:\Users\moval\Documents\PhD\Raman\enzycell\cell\bw\wt||s7_T1,train
Cell_BW_tyr_3.txt,tyrosine,C:\Users\moval\Documents\PhD\Raman\enzycell\cell\bw\wt||s7_T1,train
Cell_BW_tyr_4.txt,tyrosine,C:\Users\moval\Documents\PhD\Raman\enzycell\cell\bw\wt||s7_T1,train
Cell_BW_tyr_5.txt,tyrosine,C:\Users\moval\Documents\PhD\Raman\enzycell\cell\bw\wt||s7_T1,train
Cell_BW_tyr_6.txt,tyrosine,C:\Users\moval\Documents\PhD\Raman\enzycell\cell\bw\wt||s7_T1,train
Cell_BW_tyr_7.txt,tyrosine,C:\Users\moval\Documents\PhD\Raman\enzycell\cell\bw\wt||s7_T1,train
Cell_BW_tyr_8.txt,tyrosine,C:\Users\moval\Documents\PhD\Raman\enzycell\cell\bw\wt||s7_T1,train
Cell_BW_tyr_9.txt,tyrosine,C:\Users\moval\Documents\PhD\Raman\enzycell\cell\bw\wt||s7_T1,train
Cell_BW_tyr_10.txt,tyrosine,C:\Users\moval\Documents\PhD\Raman\enzycell\cell\bw\wt||s7_T1,train
CB_BW_tyr_6.txt,tyrosine,C:\Users\moval\Documents\PhD\Raman\enzycell\cell\bw\wt||s8,test
CB_BW_tyr_7.txt,tyrosine,C:\Users\moval\Documents\PhD\Raman\enzycell\cell\bw\wt||s8,test
CB_BW_tyr_8.txt,tyrosine,C:\Users\moval\Documents\PhD\Raman\enzycell\cell\bw\wt||s8,test
CB_BW_tyr_9.txt,tyrosine,C:\Users\moval\Documents\PhD\Raman\enzycell\cell\bw\wt||s8,test
CB_BW_tyr_10.txt,tyrosine,C:\Users\moval\Documents\PhD\Raman\enzycell\cell\bw\wt||s8,test
Cell_BW_tyr_11.txt,tyrosine,C:\Users\moval\Documents\PhD\Raman\enzycell\cell\bw\wt||s8_T2,train
Cell_BW_tyr_12.txt,tyrosine,C:\Users\moval\Documents\PhD\Raman\enzycell\cell\bw\wt||s8_T2,train
Cell_BW_tyr_13.txt,tyrosine,C:\Users\moval\Documents\PhD\Raman\enzycell\cell\bw\wt||s8_T2,train
Cell_BW_tyr_14.txt,tyrosine,C:\Users\moval\Documents\PhD\Raman\enzycell\cell\bw\wt||s8_T2,train
Cell_BW_tyr_15.txt,tyrosine,C:\Users\moval\Documents\PhD\Raman\enzycell\cell\bw\wt||s8_T2,train
Cell_BW_tyr_16.txt,tyrosine,C:\Users\moval\Documents\PhD\Raman\enzycell\cell\bw\wt||s8_T2,train
Cell_BW_tyr_17.txt,tyrosine,C:\Users\moval\Documents\PhD\Raman\enzycell\cell\bw\wt||s8_T2,train
Cell_BW_tyr_18.txt,tyrosine,C:\Users\moval\Documents\PhD\Raman\enzycell\cell\bw\wt||s8_T2,train
Cell_BW_tyr_19.txt,tyrosine,C:\Users\moval\Documents\PhD\Raman\enzycell\cell\bw\wt||s8_T2,train
Cell_BW_tyr_20.txt,tyrosine,C:\Users\moval\Documents\PhD\Raman\enzycell\cell\bw\wt||s8_T2,train
CB_536_tyr_1.txt,tyrosine,C:\Users\moval\Documents\PhD\Raman\enzycell\cell\536\wt||s6,train
CB_536_tyr_2.txt,tyrosine,C:\Users\moval\Documents\PhD\Raman\enzycell\cell\536\wt||s6,train
CB_536_tyr_3.txt,tyrosine,C:\Users\moval\Documents\PhD\Raman\enzycell\cell\536\wt||s6,train
CB_536_tyr_4.txt,tyrosine,C:\Users\moval\Documents\PhD\Raman\enzycell\cell\536\wt||s6,train
CB_536_tyr_5.txt,tyrosine,C:\Users\moval\Documents\PhD\Raman\enzycell\cell\536\wt||s6,train
Cell_536_tyr_1.txt,tyrosine,C:\Users\moval\Documents\PhD\Raman\enzycell\cell\536\wt||s6_WT_T,train
Cell_536_tyr_2.txt,tyrosine,C:\Users\moval\Documents\PhD\Raman\enzycell\cell\536\wt||s6_WT_T,train
Cell_536_tyr_3.txt,tyrosine,C:\Users\moval\Documents\PhD\Raman\enzycell\cell\536\wt||s6_WT_T,train
Cell_536_tyr_4.txt,tyrosine,C:\Users\moval\Documents\PhD\Raman\enzycell\cell\536\wt||s6_WT_T,train
Cell_536_tyr_5.txt,tyrosine,C:\Users\moval\Documents\PhD\Raman\enzycell\cell\536\wt||s6_WT_T,train
Cell_536_tyr_6.txt,tyrosine,C:\Users\moval\Documents\PhD\Raman\enzycell\cell\536\wt||s6_WT_T,train
Cell_536_tyr_7.txt,tyrosine,C:\Users\moval\Documents\PhD\Raman\enzycell\cell\536\wt||s6_WT_T,train
Cell_536_tyr_8.txt,tyrosine,C:\Users\moval\Documents\PhD\Raman\enzycell\cell\536\wt||s6_WT_T,train
Cell_536_tyr_9.txt,tyrosine,C:\Users\moval\Documents\PhD\Raman\enzycell\cell\536\wt||s6_WT_T,train
Cell_536_tyr_10.txt,tyrosine,C:\Users\moval\Documents\PhD\Raman\enzycell\cell\536\wt||s6_WT_T,train
Cell_BW_val_1.txt,valine,C:\Users\moval\Documents\PhD\Raman\enzycell\cell\bw\wt||s14_WT_V,train
Cell_BW_val_2.txt,valine,C:\Users\moval\Documents\PhD\Raman\enzycell\cell\bw\wt||s14_WT_V,train
Cell_BW_val_3.txt,valine,C:\Users\moval\Documents\PhD\Raman\enzycell\cell\bw\wt||s14_WT_V,train
Cell_BW_val_4.txt,valine,C:\Users\moval\Documents\PhD\Raman\enzycell\cell\bw\wt||s14_WT_V,train
Cell_BW_val_5.txt,valine,C:\Users\moval\Documents\PhD\Raman\enzycell\cell\bw\wt||s14_WT_V,train
Cell_BW_val_6.txt,valine,C:\Users\moval\Documents\PhD\Raman\enzycell\cell\bw\wt||s14_WT_V,train
Cell_BW_val_7.txt,valine,C:\Users\moval\Documents\PhD\Raman\enzycell\cell\bw\wt||s14_WT_V,train
Cell_BW_val_8.txt,valine,C:\Users\moval\Documents\PhD\Raman\enzycell\cell\bw\wt||s14_WT_V,train
Cell_BW_val_9.txt,valine,C:\Users\moval\Documents\PhD\Raman\enzycell\cell\bw\wt||s14_WT_V,train
Cell_BW_val_10.txt,valine,C:\Users\moval\Documents\PhD\Raman\enzycell\cell\bw\wt||s14_WT_V,train
CB_BW_val_1.txt,valine,C:\Users\moval\Documents\PhD\Raman\enzycell\cell\bw\wt\add||s14,test
CB_BW_val_2.txt,valine,C:\Users\moval\Documents\PhD\Raman\enzycell\cell\bw\wt\add||s14,test
CB_BW_val_3.txt,valine,C:\Users\moval\Documents\PhD\Raman\enzycell\cell\bw\wt\add||s14,test
CB_BW_val_4.txt,valine,C:\Users\moval\Documents\PhD\Raman\enzycell\cell\bw\wt\add||s14,test
CB_BW_val_5.txt,valine,C:\Users\moval\Documents\PhD\Raman\enzycell\cell\bw\wt\add||s14,test
Cell_BW_val_11.txt,valine,C:\Users\moval\Documents\PhD\Raman\enzycell\cell\bw\wt\add||s14_WT_V,train
Cell_BW_val_12.txt,valine,C:\Users\moval\Documents\PhD\Raman\enzycell\cell\bw\wt\add||s14_WT_V,train
Cell_BW_val_13.txt,valine,C:\Users\moval\Documents\PhD\Raman\enzycell\cell\bw\wt\add||s14_WT_V,train
Cell_BW_val_14.txt,valine,C:\Users\moval\Documents\PhD\Raman\enzycell\cell\bw\wt\add||s14_WT_V,train
Cell_BW_val_15.txt,valine,C:\Users\moval\Documents\PhD\Raman\enzycell\cell\bw\wt\add||s14_WT_V,train
Cell_BW_val_16.txt,valine,C:\Users\moval\Documents\PhD\Raman\enzycell\cell\bw\wt\add||s14_WT_V,train
Cell_BW_val_17.txt,valine,C:\Users\moval\Documents\PhD\Raman\enzycell\cell\bw\wt\add||s14_WT_V,train
Cell_BW_val_18.txt,valine,C:\Users\moval\Documents\PhD\Raman\enzycell\cell\bw\wt\add||s14_WT_V,train
Cell_BW_val_19.txt,valine,C:\Users\moval\Documents\PhD\Raman\enzycell\cell\bw\wt\add||s14_WT_V,train
Cell_BW_val_20.txt,valine,C:\Users\moval\Documents\PhD\Raman\enzycell\cell\bw\wt\add||s14_WT_V,train
CB_536_val_1.txt,valine,C:\Users\moval\Documents\PhD\Raman\enzycell\cell\536\wt\add||s012,train
CB_536_val_2.txt,valine,C:\Users\moval\Documents\PhD\Raman\enzycell\cell\536\wt\add||s012,train
CB_536_val_3.txt,valine,C:\Users\moval\Documents\PhD\Raman\enzycell\cell\536\wt\add||s012,train
CB_536_val_4.txt,valine,C:\Users\moval\Documents\PhD\Raman\enzycell\cell\536\wt\add||s012,train
CB_536_val_5.txt,valine,C:\Users\moval\Documents\PhD\Raman\enzycell\cell\536\wt\add||s012,train
Cell_536_val_1.txt,valine,C:\Users\moval\Documents\PhD\Raman\enzycell\cell\536\wt\add||s012_WT_V,train
Cell_536_val_2.txt,valine,C:\Users\moval\Documents\PhD\Raman\enzycell\cell\536\wt\add||s012_WT_V,train
Cell_536_val_3.txt,valine,C:\Users\moval\Documents\PhD\Raman\enzycell\cell\536\wt\add||s012_WT_V,train
Cell_536_val_4.txt,valine,C:\Users\moval\Documents\PhD\Raman\enzycell\cell\536\wt\add||s012_WT_V,train
Cell_536_val_5.txt,valine,C:\Users\moval\Documents\PhD\Raman\enzycell\cell\536\wt\add||s012_WT_V,train
Cell_536_val_6.txt,valine,C:\Users\moval\Documents\PhD\Raman\enzycell\cell\536\wt\add||s012_WT_V,train
Cell_536_val_7.txt,valine,C:\Users\moval\Documents\PhD\Raman\enzycell\cell\536\wt\add||s012_WT_V,train
Cell_536_val_8.txt,valine,C:\Users\moval\Documents\PhD\Raman\enzycell\cell\536\wt\add||s012_WT_V,train
Cell_536_val_9.txt,valine,C:\Users\moval\Documents\PhD\Raman\enzycell\cell\536\wt\add||s012_WT_V,train
Cell_536_val_10.txt,valine,C:\Users\moval\Documents\PhD\Raman\enzycell\cell\536\wt\add||s012_WT_V,train
