analyte,n_536,snr_536,r_std_536,n_BW,snr_BW,r_std_BW,r_cross,rank_536_in_BW,rank_BW_in_536,r_cross_ctrl,top_bands_cm,loso_recall_best
L-lysine,10,7.43,-0.22,20,8.68,-0.368,0.875,1,1,-0.358,723 1369 960,0.53
L-cysteine,10,3.96,0.555,20,4.37,0.429,0.862,1,1,0.742,907 1384 979,1.0
L-tryptophan,10,10.18,0.629,10,12.42,0.246,0.837,1,1,0.85,758 1481 1342,0.35
L-histidine,10,6.17,0.302,20,8.4,0.28,0.824,6,1,-0.43,1291 712 886,1.0
L-phenylalanine,10,5.85,-0.025,20,12.47,-0.072,0.629,6,10,-0.304,735 1308 1324,0.0
L-proline,10,5.75,0.091,20,9.27,-0.05,0.626,6,8,0.094,723 1372 886,0.0
L-threonine,10,5.22,0.22,20,6.59,0.074,0.6,9,7,0.157,723 1180 1216,0.0
L-glutamine,10,5.16,-0.039,20,7.81,0.094,0.583,7,9,0.005,886 719 1375,0.0
L-methionine,10,3.22,0.522,20,4.43,0.172,0.471,2,12,0.124,734 1029 1071,0.7
L-glutamic acid,10,15.29,0.131,20,3.29,0.039,0.383,6,2,0.413,576 660 1447,0.0
L-tyrosine,10,3.98,0.111,20,3.81,-0.109,0.318,6,4,0.57,1477 605 1407,0.53
L-aspartic acid,10,7.59,0.227,10,7.89,0.307,-0.019,13,15,-0.021,576 661 619,0.0
L-serine,10,9.61,0.452,10,4.63,-0.234,-0.025,9,6,0.491,755 1473 605,0.0
L-isoleucine,10,4.05,0.56,20,3.63,0.186,-0.23,16,8,0.333,576 658 1447,0.0
L-asparagine,10,4.28,0.208,20,2.15,0.186,-0.239,14,10,0.318,725 958 1695,0.0
L-valine,10,5.14,0.368,20,7.29,-0.161,-0.352,18,15,0.009,1241 721 753,0.0
L-alanine,10,3.37,0.395,20,2.48,0.039,-0.39,15,13,0.21,657 574 1430,0.0
L-arginine,10,5.35,-0.194,20,1.84,0.108,-0.585,16,20,0.327,1481 606 545,0.0
L-glycine,10,5.4,0.044,40,2.1,0.141,-0.629,12,18,0.739,735 1444 1472,0.22
L-leucine,10,5.21,0.297,20,7.53,-0.24,-0.764,20,20,-0.09,1477 605 756,0.0
